
SET FOREIGN_KEY_CHECKS=0;
SET SQL_MODE="NO_AUTO_VALUE_ON_ZERO";
SET time_zone = "+00:00";

--
-- База данных: `otava`
--

--
-- Дамп данных таблицы `album`
--

INSERT INTO `album` (`id`, `title`, `year`, `desc`) VALUES
(1, 'Рождество', 2011, '<p>Альбом русских рождественских песен — третий по счёту альбом фолк-группы Отава ё.</p>\n<p>Все песни народные. Мы осознанно искали именно русскоязычные варианты текстов многим известных рождественских песен, это было для нас принципиально.</p>\n<p>Часть песен с этого альбома вошли в совместную одноимённую театральную постановку с театром «Странствующие куклы господина Пэжо».</p>\n<p>Презентация альбома состоялась в ДК Выборгский 13 декабря 2011 года.</p>\n\n<p class="title-em">В записи принимали участие:</p>\n<ul class="list">\n<li><span>Алексей Белкин</span> — гусли, жалейка, волынка, low whistle, бубен, ложки, голос</li>\n<li><span>Алексей Скосырев</span> — акустическая гитара, маленькая гитара, голос</li>\n<li><span>Дмитрий Шихардин</span> — фиддл, мандолина, балалайка, колокольчик, голос</li>\n<li><span>Пётр Сергеев</span> — дарбука, большой барабан, коробочка</li>\n<li><span>Тимур Сигидин</span> — бас-гитара</li>\n<li><span>Юлия Усова</span> — скрипка</li>\n</ul>\n<p class="title-em">Приглашённые музыканты:</p>\n<ul class="list">\n<li><span>Илья Доброхотов</span> — никельхарпа (7), кантеле (2, 4, 6), колёсная лира (3)</li>\n<li><span>Наталия Назарова</span> — виолончель (1, 5, 9)</li>\n<li><span>Алексей Гусаров</span> — скрипка (9)</li>\n<li><span>Рустик Позюмский</span> — альт (1, 9)</li>\n<li><span>Роман Тентлер</span> — контрабас (3, 5)</li>\n<li><span>Денис Сладкевич</span> — барабан (8)</li>\n</ul>\n<p>Записано на студии «Часовщик» в период с марта по ноябрь 2011 года, звукорежиссёр Евгений Кирциделли. </p>\n<p>Сведение — GEM studio (Рига, Латвия), звукорежиссёр — Gatis Gaujenieks.</p>\n<p>Мастеринг — Tom Meyer, Studio «Master & Servant», Hamburg, Germany. </p>\n<ul class="list">\n<li>Все песни народные.</li>\n<li><span>Все аранжировки</span> — Отава ё.</li>\n<li><span>Художественное оформление</span> — Светлана Кондесюк.</li>\n<li><span>Дизайн буклета</span> — Андрей Евдоков.</li>\n<li><span>Перевод</span> — Алексей Финогенов, Бенита Яундалдере.</li></ul> '),
(2, 'Жили-были', 2009, '<p>Отава ё — side-проект музыкантов сразу же нескольких известных Петербургских фолк-групп (Reelroadъ, Сказы Леса).</p>\n<p>Альбом «Жили-были» в основном состоит из ОЧЕНЬ в недавнем прошлом популярных и всем известных в нашей стране песен и мелодий. Некоторые из них хоть и имеют конкретных авторов, но по праву могут называться народными — «Риорита», «Крутится, вертится шарф голубой», «лезгинка», «жил-был у бабушки серенький козлик» — Отава ё представляют хиты прошлого в новом неожиданном свете. Отава ё — это шесть человек играющих на различных этнических инструментах — волынки, скрипки, жалейки, гусли, а также акустическая гитара и всевозможная перкуссия.</p>\n<p>Все участники Отавы ё — опытные фолк музыканты и не понаслышке знают, что такое этническая музыка и настоящий фолк драйв, и что так же важно — у группы прекрасное чувство юмора! Если в процессе прослушивания вы улыбнулись — это значит, что музыканты добились своей цели. Группа Отава ё негласно носит эпитет одной из самых весёлых фолк групп Санкт-Петербурга.</p>\n<p>Музыканты очень серьёзно подошли к «несерьёзным» песням. Альбом записывался в Санкт-Петербурге в течение полугода, после чего сводился в Латвии, а мастеринг делался в Германии.</p> '),
(3, 'Под аптекой', 2006, '<p>Альбом записанный группой по следам своих выступлений на Невском проспекте в городе Санкт-Петербург. Совершенно случайным образом музыканты вдруг решили собраться и поиграть на улице именно группой. К тому времени у всех нынешних участников группы уже был богатый опыт уличных выступлений, но в основном заграницей. Первый совместный опыт игры в Петербурге на улице группой оказался настолько позитивным, что с этого момента Отава ё стали регулярно выступать около гомеопатический аптеки на Невском проспекте. Отсюда и название альбома — «Под аптекой».</p>\r\n<p>Репертуар состоял в основном из кельтских мелодий. Практически все аранжировки были сделаны в процессе уличных концертов. Чтобы сохранить концертный дух, альбом "Под аптекой" был записан живьём на Петербургской студии грамзаписи, с небольшими дописками сделанными на студии «Часовщик». Звук и концепция альбома получились вполне адекватными состоянию группы на тот момент.</p>\r\n<p>По принципиальным соображениям «Под аптекой» был издан без участия выпускающих лэйблов, то есть своими силами, в формате диджипак на деньги вырученные от уличных выстулпений.</p>\r\n<p class="title-em">В записи приняли участие:</p>\r\n<ul class="list">\r\n<li><span>Алексей Белкин </span> — галисийская волынка, shuttle pipe, жалейка, вокал</li>\r\n<li><span>Дмитрий Шихардин</span> — фиддл, вокал</li>\r\n<li><span>Алексей Скосырев</span> — акустическая гитара, вокал</li>\r\n<li><span>Наталья Высоких</span> — скрипка</li>\r\n<li><span>Пётр Сергеев</span> — дарбука</li>\r\n<li><span>Светлана Кондесюк </span>— галисийская волынка, флейта</li>\r\n<li><span>Роман Стансков</span> — бузуки</li>\r\n</ul>\r\n<p>К сожалению, с тех пор в нашем городе многое изменилось и музыкантам группы Отава ё больше не дают играть на улице ссылаясь на то, что это не разрешено и является незаконной коммерческой деятельностью. Так что на сегодняшний день альбом «Под аптекой» — единственное место где возможно услышать музыку уличных музыкантов в нашем городе.</p>');

--
-- Дамп данных таблицы `audio`
--

INSERT INTO `audio` (`id`, `album_id`, `title`) VALUES
(1, 1, 'Как в Иерусалиме рано зазвонили'),
(2, 1, 'Днесь Христос родился'),
(3, 1, 'Христос Спаситель'),
(4, 1, 'На небе зорька'),
(5, 1, 'Рождество Христово, ангел прилетел'),
(6, 1, 'Небо и земля'),
(7, 1, 'Уродилась коляда'),
(8, 1, 'Запевайте, христиане'),
(9, 1, 'Эта ночь святая'),
(10, 1, 'Торжествуйте, веселитесь'),
(11, 2, 'Интро'),
(12, 2, 'Кадриль'),
(13, 2, 'Жил-был у бабушки серенький козлик'),
(14, 2, 'Про Ивана groove'),
(15, 2, 'Лезгинка'),
(16, 2, 'Гавоты'),
(17, 2, 'Про Диму и Петю'),
(18, 2, 'Во кузнице'),
(19, 2, 'Финская полька'),
(20, 2, 'Иванушка рачек'),
(21, 2, 'Риорита'),
(22, 2, 'Крутится вертится шарф голубой'),
(23, 3, 'Reels'),
(24, 3, 'Saltarella / Tarantella'),
(25, 3, 'Bailar'),
(26, 3, 'Польки / Найман'),
(27, 3, 'Джиги'),
(28, 3, 'Шведская'),
(29, 3, 'La sansonette'),
(30, 3, 'Lazersong'),
(31, 3, 'Песня'),
(32, 3, 'Хит'),
(33, 3, 'Вальс Петрова');


--
-- Дамп данных таблицы `concert`
--

INSERT INTO `concert` (`id`, `date`, `title`, `link`, `place`, `time`, `cost`, `desc`) VALUES
(4, '2013-08-23', '', 'http://www.mjr.lt/arc/mjr2012/en/festival/about-festival', 'Lithuania', NULL, '', ''),
(5, '2013-07-10', 'Viru Folk 2013', 'http://virufolk.ee/', 'Estonia, Виру', NULL, '', ''),
(6, '2013-07-27', '', '', 'Latvia, Цесис', NULL, '', 'Фестиваль организованный лэйблом Lauska по поводу своего юбилея и выхода нового сборника Sviests 5 с нашим участием'),
(7, '2013-07-15', '', '', 'Austria, Mistelbach', NULL, '', 'Концерт в пабе'),
(8, '2013-07-13', '', 'http://www.wellenklaenge.at', 'Austria', NULL, '', ''),
(9, '2013-07-12', 'The 7th Wackelsteinfestival', 'http://www.wackelsteinfestival.at', 'Austria', NULL, '', ''),
(10, '2013-07-10', 'Kaustinen folk festival', 'http://kaustinen.net/en/', 'Finland', NULL, '', ''),
(11, '2013-07-09', 'Kaustinen folk festival', 'http://kaustinen.net/en/', 'Finland', NULL, '', ''),
(12, '2013-06-30', 'Cекретный летний концерт', '', 'СПб, Восточная африка', NULL, '', ''),
(13, '2013-06-23', 'Фестиваль живой музыки «Троица - всё живое»', 'http://www.3fest.ru', 'Электроугли', NULL, 'вход свободный', ''),
(14, '2013-06-22', 'Фестиваль «Солнцестояние»', 'http://www.solarfest.su/', 'Омская область, Муромский район, д. Окунёво', NULL, '', ''),
(15, '2013-06-21', 'Фестиваль «Солнцестояние»', 'http://www.solarfest.su/', 'Омская область, Муромский район, д. Окунёво', NULL, '', ''),
(16, '2013-06-08', 'Фестиваль «Puude taga on inimene»', 'http://puudetagaoninimene.ee/', 'Таллин', NULL, '', ''),
(17, '2013-11-15', ' Folkherbst nomintation', '', 'Germany, Plauen', NULL, '', ''),
(19, '2013-11-14', '', '', 'Germany, Frankfurt/ Oder', NULL, '', ''),
(20, '2013-10-25', 'Russian Days', '', 'Finland, Helsinki', NULL, '', ''),
(21, '2013-10-24', 'Russian Days', '', 'Finland, Helsinki', NULL, '', ''),
(22, '2013-10-10', 'Московская презентация нового альбома', '', 'Москва, клуб «16 Тонн»', '20:00:00', '', ''),
(23, '2013-09-22', 'Презентация нового альбома «Что за песни»', 'http://vk.com/event55535424', 'СПб, Клуб А2, проспект Медиков, 3, зал «Спутник»', NULL, '400-1200 рублей', ''),
(24, '2013-09-21', 'фестиваль WOMAD-Russia', 'http://womadrussia.ru/', 'Пятигорск', NULL, '', ' Участники: Хун-хуур-ту, Дживан Гаспарян, Зуля Кмалова, Вопли Видоплясова и др.'),
(25, '2013-09-08', 'фестиваль Kamwa', 'http://www.kamwa.ru/', 'Пермь', NULL, '', ''),
(26, '2013-09-07', 'Этнофорум', 'http://vk.com/tomsketno_group', 'Томск', NULL, '', ''),
(27, '2013-09-06', 'Этнофорум', 'http://vk.com/tomsketno_group', 'Томск', NULL, '', ''),
(28, '2013-08-24', '', '', 'Latvia, Riga,  «Egle» (Old Riga), Kaleju 8', '20:00:00', 'Free entrance', ''),
(29, '2013-06-02', '', '', 'СПб, клуб DaDa, Гороховая 47', '19:00:00', '300-400 рублей', ''),
(30, '2013-05-15', '', '', 'Москва, клуб «Шоколадная фабрика», ул. Рабочая, 38', '20:00:00', '400-500 рублей', ''),
(31, '2013-03-30', ' FESTIVAL PAASPOP SCHIJNDEL', 'http://www.paaspop.nl/', 'Netherlands', NULL, '', ''),
(32, '2013-03-29', 'Сольный концерт', '', 'Latvia, Riga,  Nabaklub, Zigfrida Annas Meierovica bulvāris 12.', '21:00:00', '', ''),
(33, '2013-03-16', ' XIV фестиваль «День Святого Патрика в Санкт-Петербурге»', 'http://vk.com/club14469698', 'СПб, Клуб А2, проспект Медиков, 3, зал «Мир»', '20:00:00', 'от 500 рублей', ' Участники: Finnegan Trio+Karan Casey (Ирландия), Art Ceilidh (Москва), Old Horned Sheep, Отава Ё, Минус Трели+Волынки и барабаны Санкт-Петербурга, Celtic City Experience, The Sloggers, Berkana.\r\nwww.patrickfestival.ru'),
(34, '2013-02-09', 'World Music festival Fusion Fiesta', 'http://www.kolkatafusionfiesta.com', ' India, Kolkata', '18:00:00', '', ' Performance together with Carlos Gonsalves(Goa)'),
(35, '2013-02-07', ' Festival Sufi Sutra', '', ' India, Delhi', NULL, '', ''),
(37, '2013-02-03', 'Festival Sufi Sutra', 'http://www.banglanatak.com/', 'India, Kolkata', '18:00:00', 'Free entrance', 'Evening performance (6 pm-9 pm)'),
(38, '2013-02-02', 'Festival Sufi Sutra', 'http://www.banglanatak.com/', 'India, Kolkata', '11:00:00', 'Free entrance', ' Day time workshop (11 am-14 pm)'),
(39, '2013-01-26', '', '', 'СПб, клуб «Африка» (Восточная),  Улица Печатника Григорьева д. 13', '19:00:00', '300 рублей', ''),
(40, '2013-01-19', '', '', 'Архангельск, клуб «Колесо», ул. Гайдара 4/1', NULL, '300-350 рублей', ''),
(42, '2013-01-13', '', '', 'Электроугли,  ул. Парковая д. 14', '17:00:00', 'вход свободный', ''),
(43, '2013-01-12', 'музыкальный спектакль «Рождество»', '', 'СПб,  Театр "Плоды Просвещения" на территории «Гранд Каньона», 3й этаж, проспект Энгельса 154', '18:00:00', '500 рублей', 'Музыкальный спектакль «Рождество», совместно с театром «Странствующие куклы г-на Пэжо» и струнным квартетом. Билеты рублей в кассе театра и кассах ДТЗК.'),
(44, '2012-11-16', ' Russian Formula of Happiness', 'http://www.facebook.com/events/383144911762938/', ' Швейцария, г. Лугано', NULL, '', ''),
(45, '2012-11-09', 'презентация нового видеоклипа «Дворник»', '', 'Москва, клуб «Шоколадная фабрика», ул. Рабочая, 38', '19:00:00', '400-500 рублей', ''),
(46, '2012-11-05', 'презентация нового видеоклипа «Дворник»', 'http://vk.com/event43450426', 'СПб, клуб «МОД»,  наб. канала Грибоедова, 7', '19:00:00', '300-400 рублей', ''),
(47, '2012-10-05', 'II Viiulifestival', '', 'Estonia, Kihnu', '22:00:00', '', ''),
(48, '2012-09-11', 'открытие новой площадки клуба Африка', '', 'СПб, клуб «Африка» (Восточная),  Улица Печатника Григорьева д. 13', '19:00:00', 'Вход свободный', ''),
(49, '2012-08-19', '', '', 'Latvia, Jūrmala, «Jomas Skatuve», Pilsoņu iela 14/16', '19:00:00', '', ''),
(50, '2012-08-18', '', '', 'Latvia, Riga,  «Bubamara» klubs, Audeju Iela. 8', '21:00:00', '', ''),
(51, '2012-08-17', 'Lowlands festival', '', 'Netherlands, Biddinghuizen, Lima stage', '20:15:00', '', ''),
(52, '2012-08-15', '', '', 'Latvia, Riga,  «Egle»,  Kaļķu 1a', '20:00:00', '', ''),
(54, '2012-08-14', '', '', 'Latvia, Jūrmala, «Jomas Skatuve», Pilsoņu iela 14/16', '19:00:00', '', ''),
(55, '2012-08-11', 'Fontaine festival', '', 'Latvia, Liepāja, Dzirnavu iela 4, LV-3401', '21:15:00', '', 'сцена Gypsy camps'),
(56, '2012-08-10', 'III Мотоконференция Калининградской области', 'http://sm39.ru/', ' посёлок Лесное (рядом со Светлогорском)', NULL, '', ''),
(57, '2012-08-09', '', '', ' Latvia, Jelgava, «Melno Cepurīšu Balerija», Raiņa 20', '21:30:00', '', ''),
(58, '2012-08-01', '', '', ' Latvia, Riga, «Ne kadu problema», Tirgoņu iela 5/7', '19:00:00', '', ''),
(59, '2012-07-31', '', '', 'Latvia, Jūrmala, «Jomas Skatuve», Pilsoņu iela 14/16', '19:00:00', '', ''),
(60, '2012-07-30', '', '', 'Latvia, Jūrmala, «Jomas Skatuve», Pilsoņu iela 14/16', '19:00:00', '', ''),
(61, '2012-07-29', '', '', 'Latvia, Riga,  «Egle», Kaļķu 1a', '20:00:00', '', ''),
(62, '2012-07-28', 'Майянский Новый Год', ' http://vk.com/maiang2012', 'СПб, клуб «The Place»,  ул. Маршала Говорова, 47', NULL, '', ''),
(63, '2012-07-21', '', 'http://redfoxpub.ru/', 'СПб, паб «Redfox», Пулковское шоссе 3', '21:00:00', '', ''),
(64, '2012-06-27', '', '', 'Latvia, Riga, «Egle»,  Kaļķu 1a', '20:00:00', '', ''),
(65, '2012-06-29', 'Festival ATRIUM ART 2012', 'http://www.atriumart.rimava.sk/program-2012/', 'Slovakia - Rimavská sobota', '22:00:00', '', ''),
(66, '2012-06-30', 'Heart Culture Festival 2012', 'http://www.herzkultur.org/heartculture/', ' Austria, Gerersdorf bei Gussing', NULL, '', ''),
(67, '2012-07-05', '', '', 'Austria,  Vienne, Cafe Concerto Lerchenfelder Gürtel 53, 1160', '21:00:00', '', ''),
(68, '2012-07-07', ' Festival «Nitra, mila Nitra 2012»', 'http://www.nitra.sk/news.php?extend.1249.466', 'Slovakia,  NITRA', '16:30:00', '', ''),
(69, '2012-07-07', '', '', 'Slovakia, LEVICE, Kaviareň na Korze', NULL, '', 'evening'),
(70, '2012-07-09', '', '', 'Latvia, Riga, «Egle»,  Kaļķu 1a', '20:00:00', '', ''),
(71, '2012-07-10', '', '', 'Latvia, Jūrmala, «Jomas Skatuve», Pilsoņu iela 14/16', '19:00:00', '', ''),
(72, '2012-06-23', ' фестиваль «Ыбица»', 'http://www.ybitsa.ru/', 'Сыктывкар', NULL, '', ''),
(73, '2012-06-17', 'фестиваль «Феерия Состояний»', 'http://fs-spb.ucoz.ru/ ', 'Гатчина', NULL, '', ''),
(74, '2012-06-16', 'фолк-фестиваль «Сурица»', 'http://proffest.ru/', 'Тверь', NULL, '1000 рублей', 'Так же участвует Reelroadъ (!), и другие коллективы. '),
(75, '2012-06-14', 'IX Encontro de Culturas e Mercado Cultural', 'http://www.cm-serpa.pt/artigos.asp?id=1177', 'Portugal, Serpa', NULL, '', ''),
(76, '2012-06-13', 'Festas Antoninas 2012', ' http://www.cm-vnfamalicao.pt/_festas_antoninas_2012', 'Portugal,  V.N. Famalicao, Praca D.Maria II', '21:30:00', '', ''),
(77, '2012-06-02', ' Фестиваль «Дикая Мята»', 'www.mintmusic.ru', ' Калужская область, комплекс «Этномир»', NULL, '1500 рублей', 'Играем в 15.00. Состав участников очень солидный!'),
(78, '2012-05-26', 'фестиваль Gypsy Camp', '', 'Latvia, Liepāja', '21:30:00', '', ''),
(79, '2012-05-25', 'Сольный концерт', '', 'Latvia, Riga,  Nabaklub, Zigfrida Annas Meierovica bulvāris 12', '21:00:00', '2 лата', ''),
(80, '2012-05-19', '«Ночь музеев»', '', ' СПб, музей им. Кирова, Каменноостровский проспект 26/28', '18:30:00', '', ''),
(81, '2012-04-22', ' презентация нового клипа!', '', 'СПб, клуб «МОД», Набережная Канала Грибоедова, д. 7', '20:00:00', '400 рублей. Дети до 7ми лет - бесплатно.\n', 'Специальные гости: Tomas KOCKO & ORCHESTR (Чехия).'),
(82, '2012-04-14', '«Русский день» в Эстонском центре народной музыки', '', 'Эстония, Вильянди, Tasuja pst 6', '20:00:00', '6,5/ 5 евро ', ''),
(83, '2012-04-13', '', '', 'Latvia, Riga,  «Bubamara» klubs, Audeju Iela. 8', '21:00:00', 'вход свободный', ''),
(84, '2012-03-24', '', '', ' Франция, Flamanville, Le Rafiot. ', NULL, '', ''),
(85, '2012-03-23', '', '', 'Франция, Saint-Sauveur-Lendelin, Espace Culturel.', NULL, '', ''),
(86, '2012-03-22', '', '', 'Франция, Quettehou, Halle aux Grains. ', NULL, '', ''),
(87, '2012-03-21', '', '', 'Франция, 6 place Auguste Cousin Saint-Sauveur le Vicomte, Basse-Norm. Salle le Normandy.', NULL, '', ''),
(88, '2012-03-20', '', '', 'Франция - La Haye Pesnel, Basse-Norm, ESPACE DU BOCAGE.', NULL, '', ''),
(89, '2012-03-17', 'XIII Ежегодный фолк фестиваль «День Святого Патрика в Санкт-Петербурге»', 'www.patrickfestival.ru', 'СПб,  Клуб «Космонавт», ул. Бронницкая, 24', '20:00:00', 'от 500 рублей', ' Участники: AULI (Латвия), Mervent (Москва), Anistratov-project (Москва), Celtic City Experience, Welladay, Минус Трели.'),
(90, '2012-03-03', ' концерт-лекция «МОЛОДЕЖЬ ВЧЕРА И СЕГОДНЯ: ДИМА И ПЕТЯ»', '', 'СПб, музей им. Кирова, Каменноостровский проспект 26/28', '18:00:00', '400 рублей', ''),
(91, '2012-02-25', '«Масленица» в Парке Горького', '', 'Москва, парк Горького', NULL, '', ''),
(92, '2012-02-24', '«Масленица» в Парке Горького', '', 'Москва, парк Горького', NULL, '', ''),
(93, '2012-02-23', 'Масленица в клубе DaDa', '', 'СПб, «клуб DaDa», Гороховая 47', '19:00:00', '400 рублей', 'В стоимость билета входит - любой напиток в баре. Всех пришедших угощаем блинами!!! '),
(94, '2012-01-09', 'музыкальный спектакль «Рождество» ', '', 'СПб, Театр "Плоды Просвещения" на территории «Гранд Каньона», 3й этаж, проспект Энгельса 154', '19:00:00', '300-400 рублей', 'Совместно с театром «Странствующие куклы г-на Пэжо».'),
(95, '2012-01-08', 'Рождественский концерт', '', 'СПб, Театр "Плоды Просвещения" на территории «Гранд Каньона», 3й этаж, проспект Энгельса 154 ', '20:00:00', '', ''),
(96, '2012-01-13', 'Рождественский концерт в клубе «Книги и кофе»', '', 'СПб,  клуб «Книги и кофе», набережная Макарова, 10/ 1', '20:00:00', '300 рублей', ''),
(97, '2011-12-13', 'Презентация Рождественского альбома и премьерный показ спектакля «Рождество» ', 'http://vkontakte.ru/event31785753', 'Спб,  ДК Выборгский (малый зал). Адрес - улица Комиссара Смирнова, 15', '19:00:00', '300 рублей', 'Презентация Рождественского альбома и премьерный показ спектакля «Рождество» совместно с театром «Странствующие куклы господина Пэжо»'),
(98, '2011-11-27', '', '', 'Москва, клуб «Шоколадная фабрика», ул. Рабочая, 38', '19:00:00', '350 рублей', ''),
(99, '2011-11-20', '4-х-летие теремка ПБС', 'http://vkontakte.ru/event31229102 ', 'СПб, ДК Петро-Славянка (м. Рыбацкое)', '14:00:00', '200 рублей', 'Танцы (мастер-класс и не только)'),
(100, '2011-11-02', ' Совместный концерт с группой Добраночь', '', 'СПб, клуб «МОД»,  наб. канала Грибоедова, 7', '20:00:00', '200 рублей', ''),
(101, '2011-09-10', ' open-air Folkday', 'www.folkday.ru', 'Москва, Зелёный Театр, Крымский вал, д.9, стр.33, м. Парк Культуры', '17:00:00', '', ''),
(102, '2011-08-28', '', ' http://www.kcdunaj.sk/', 'Slovakia, Bratislava «Klub "KC DUNAJ»', '19:00:00', '', ''),
(103, '2011-08-27', 'European festival of humor and satire «Kremnicke gagy»', 'http://www.gagy.sk/', 'Slovakia, Kremnica', NULL, '', ''),
(104, '2011-08-26', 'European festival of humor and satire «Kremnicke gagy»', 'http://www.gagy.sk/', 'Slovakia, Kremnica', '15:00:00', '', ''),
(105, '2011-08-25', '', '', 'Austria, Wien, Kulturzentrum "7Stern", Siebensterngasse 31, 1070', '20:00:00', '', ''),
(106, '2011-08-23', '', '', 'Austria, Mistelbach, Pub "Altes Depot", Oserstrase 9, 2130', '21:00:00', '', ''),
(107, '2011-08-21', '', '', 'Poland, Sanok,  «Kermesz Karpackich smakow»', NULL, '', ''),
(108, '2011-08-20', ' Festival «Swieto Ceramiki»', '', ' Poland, Boleslawieckie', NULL, '', ''),
(109, '2011-08-19', '', '', ' Germany, Berlin, Club "Hangar49", Holzmarktstr. S-Bahnbogen 49', NULL, '5 euro', ''),
(110, '2011-08-18', '', '', 'Germany, Berlin, Club «Kaffee Burger» (mit RotFront). Torstrasse 60', NULL, '5 euro', ''),
(111, '2011-08-14', ' XIX Miedzynarodowy Festiwal Folkloru', '', 'Poland, Strzegom', NULL, '', ''),
(112, '2011-08-13', 'festiwal Bukowinskie Bajania', '', 'Poland, BUKOWINA TATRZANSKA', NULL, '', ''),
(113, '2011-08-11', '', '', 'Slovakia, Levoca', NULL, '', ''),
(114, '2011-08-06', 'Wegorapa folk music festival', '', 'Poland, Wegorzewo', NULL, '', ''),
(115, '2011-08-05', '«Laba Daba» open-air festival', 'www.labadaba.lv', 'Latvia, Ratnieki, Liigatne', NULL, '', ''),
(116, '2011-08-04', '', '', 'Latvia, Riga,  «Bubamara» klubs, Audeju Iela. 8', '21:00:00', 'Free entrance\n', ''),
(117, '2011-08-03', '', '', 'Latvia, Riga,  «Egle»,  Kalku iela 1a (Vec Riga)', '07:30:00', 'Free entrance\n', ''),
(118, '2011-08-02', '', '', 'Latvia, Riga,  «Nekadu problemu» (Dome Square, Old Riga)', '20:00:00', 'Free entrance\n', ''),
(119, '2011-07-28', ' Знакомство с нашей новой скрипачкой!', '', 'СПб, клуб «МОД»,  наб. канала Грибоедова, 7', '20:00:00', '', ''),
(120, '2011-05-22', ' фестиваль-Карнавал «ЕСТЬ КОНТАКТ»', '', 'СПб, ЦПКиО им. С.М.Кирова', '12:00:00', 'Вход свободный', 'Выступают: Отава ё, Добраночь и Ива Нова.'),
(121, '2011-05-21', '«Ночь музеев»', '', 'Спб,  музей им. Зощенко, набережная Канала Грибоедова, 9', '19:00:00', 'Вход свободный', 'Традиционное выступление в «Ночь музеев»'),
(122, '2011-07-02', '«День Достоевского»', '', 'СПб, парк музея Ахматовой, Литейный 53', '16:00:00', 'стоимость символическая', 'Отава ё выступает в 18.00.'),
(123, '2011-05-05', 'фестиваль Позитивной музыки', '', 'СПб, клуб «МОД», набережная канала Грибоедова, 7, во дворе', '19:00:00', 'от 150 рублей', 'Выступаем  с группами «ОПА!» и «Свобода».'),
(124, '2011-04-24', ' танцевальная вечеринка-мастер-класс по народным танцам в составе ВИА', '', 'СПб,  Можайка, ул. Красного Курсанта, 18', '17:30:00', '200 рублей', ''),
(125, '2011-04-22', 'Камерный концерт без шапок', '', ' СПб, бар «Король плющ», пр. Энгельса, 111', '20:00:00', '100 рублей', ''),
(126, '2011-03-19', 'XII ежегодный фолк фестиваль «День святого Патрика в СПб»', 'http://patrickfestival.ru', 'СПб,  клуб «Космонавт», ул. Бронницкая, 24, м. Технологический институт', '17:00:00', 'от 400 рублей', 'Вместе с группами: Тинтал (Мск), Почти Непьющий Оркестр (Брянск), Mervent (Мск), Old Horned Sheep, Lacuna, Волынки и барабаны Санкт-Петербурга. '),
(127, '2011-03-17', 'День святого Патрика', '', 'Калиниград, клуб «Кури бамбук»', NULL, '', ''),
(128, '2011-03-05', 'Большой масленичный концерт с танцами', 'http://www.shokoladnayafabrika.ru/ ', 'Москва, клуб «Шоколадная фабрика», ул. Рабочая, 38', '20:00:00', '300-350 рублей', ''),
(129, '2011-03-04', 'Полуакустический семейный концерт', 'http://putzerna.ru', 'Москва, Вальдорфская школа «Путь зерна», ул. Миклухо-Маклая, 20А', '19:00:00', '250 рублей', ''),
(131, '2011-03-02', 'Масленица вместе с группой «Белорыбица»', '', 'СПб, клуб «Шум», 5я Советская, 45', '19:00:00', '200-300 рублей', ''),
(132, '2011-01-14', 'Фолк-Рождество!', 'http://vkontakte.ru/event22123833', 'СПб, Клуб «Зал Ожидания», Набережная обводного канала 118', '19:00:00', '300-400 рублей', 'Выступают — Отава ё (со специальной рождественской программой), Old Horned Sheep и Вокально-инструментальная артель.'),
(133, '2010-11-25', '', '', 'СПб, бар Тинькофф, улица Казанская, д. 7', '20:00:00', 'вход свободный!', ''),
(134, '2010-11-14', 'Концерт-презентация первого официального клипа группы', '', 'СПб, клуб «Шум»,  5я Советская улица, д. 45', '20:00:00', '250-300 рублей', ''),
(135, '2010-09-30', 'открытие частного (очень большого) музея современного искусства', '', 'СПб, В.О., 29я линия, д. 2', '20:00:00', 'вход свободный', ''),
(136, '2010-09-15', 'Большой сольный концерт по поводу сбора урожая', '', ' СПб, «Главбар», Кременчугская, 2', '20:00:00', '250-300 рублей', ''),
(137, '2010-09-04', '', '', 'Москва, клуб «M-Club», Проспект Мира, 119 ВВЦ ВДНХ павильон «Москва»', '21:00:00', '300 рублей', 'Сбор гостей в 20.30.'),
(138, '2010-08-14', 'Folk festival «Les Traversees Tatihou»', 'http://tatihou.manche.fr/', 'Франция', NULL, '', ''),
(139, '2010-08-12', '', '', 'Латвия, Рига, бар «Ленинград», Старая Рига, Kalеju 54', '21:00:00', '', ''),
(140, '2010-08-10', '', '', 'Латвия, старая Рига, клуб «Egle»', '20:00:00', '', ''),
(141, '2010-08-09', '', '', 'Латвия, старая Рига, клуб «Ne kada problema»', '20:00:00', '', ''),
(142, '2010-08-07', '', '', 'Latvia, Liepāja, «Fontain» klubs, Dzirnavu iela 4', NULL, '', ''),
(143, '2010-08-06', 'Фестиваль «Laba Daba»', 'http://www.labadaba.lv ', 'Латвия, Рига', NULL, '', ''),
(144, '2010-07-30', 'фестиваль «Wegorapa»', 'http://www.wegorapa.pl/ ', 'Польша', NULL, '', ''),
(145, '2010-07-29', '', '', 'Калининград, клуб «Черепица» совместно с клубом «Dreadnought»', '20:00:00', '200-300 рублей', ''),
(146, '2010-07-25', 'XIV фолк фестиваль «Z WIEJSKIEGO PODWORZA»', 'http://www.czeremszyna.pl', ' Польша - Czeremcha', NULL, '', ''),
(147, '2010-07-24', ' Viljandi folk festvial', 'www.folk.ee ', 'Эстония', NULL, '', ''),
(148, '2010-07-23', 'Viljandi folk festvial', 'www.folk.ee ', 'Эстония', NULL, '', ''),
(149, '2010-07-22', 'Viljandi folk festvial', 'www.folk.ee ', 'Эстония', NULL, '', ''),
(150, '2010-06-13', 'фестиваль «Пустые холмы»', 'www.holmi.ru ', 'Калужская область', NULL, 'вход свободный!', 'Выступаем в 21.00 на главной площадке фестиваля.'),
(151, '2010-06-05', 'ежегодный фолк фестиваль «Дикая Мята»', '', 'Москва, м. Тёплый стан, парк Тропарёво', '15:00:00', 'вход свободный!', 'Также выступают: Reelroadъ, TESTO, ХЕЛАВИСА, Анна Пингина, ЕРОФЕИЧ elektric band.'),
(152, '2010-05-23', '', '', 'СПб,  клуб «Танцы», ул. Гороховая, 49, во дворе', '20:00:00', '250 рублей', ''),
(153, '2010-05-22', '', '', 'Москва, клуб «ArteFAQ», Большая Дмитровка, д. 32, стр.1', '21:00:00', '250 рублей', ''),
(154, '2010-05-21', '', '', 'Москва, клуб «Живой уголок», Серпуховской вал, д.17, корп.1, вход со двора', '20:00:00', '250 рублей', ''),
(155, '2010-03-20', 'XI фолк фестиваль «День Святого Патрика в Санкт-Петербурге»', 'www.patrickfestival.ru ', 'СПб, «Главклуб», Кременчугская 2', '17:00:00', '350-500 рублей', 'Участники: Monster Ceilidh Band (Англия), Los Templos (Москва), Reelroadъ, The Dartz, Old Horned Sheep, Sunrise, Session on stage, Отава ё.'),
(156, '2010-02-28', 'концерт в новом клубе FABRIQUE NOUVELLE', '', 'СПб, большой зал клуба «Fish Fabric», Лиговский пр. 53, во дворе', '20:00:00', '200-250 рублей', 'Празднуем последний день зимы! '),
(157, '2009-12-20', ' Наш мастер-класс по танцам', '', 'СПб, клуб «Танцы»,  Гороховая, 49, во дворе', '14:00:00', '150 рублей', ''),
(158, '2009-11-22', '', '', 'Москва, клуб «Проект ОГИ», Потаповский пер., 8/12, строение 2 ', '22:00:00', '200 рублей', ''),
(159, '2009-11-21', '', '', 'Москва, кафе-клуб «Марсель», Краснопролетарская ул., 16 стр 1 ст. м. Новослободская', '21:00:00', 'вход свободный!', ''),
(160, '2009-11-20', '', '', 'Москва, клуб «Bilingua», Кривоколенный переулок, 10, строение 5', '22:00:00', '250 рублей', ''),
(161, '2009-11-14', ' Музыкально-театрализованный проект «Сожжём мосты»', 'http://www.bileter.ru/poster.phtml?JS=46cf2935bb3d67c50da01bbb85be4d35&myactex=112040&lang=2 ', 'СПб, Театральный центр на Коломенской', NULL, '', 'Кроме нас участвует джаз-бэнд А.Каннуникова.'),
(162, '2009-11-08', 'Совместный концерт с группой Musica Radicum и норвежским проектом ORIGAMI GALAKTICA', '', '', '21:00:00', '200 рублей', 'Мы выступаем в 23.00.'),
(163, '2009-11-01', 'Концерт в новом клубе «Танцы»!', '', 'СПб, клуб «Танцы»,  Гороховая, 49, во дворе', NULL, '200-250 рублей', ''),
(164, '2009-10-16', ' Театральный фестиваль во дворе музея Ахматовой', 'http://vkontakte.ru/event12047027', 'СПб, двор музея Ахматовой, Литейный 53', '20:00:00', '150 рублей', 'Наше выступление начнётся в 22.00.'),
(165, '2009-10-04', 'Большой сольный концерт', 'http://vkontakte.ru/events.php?act=s&gid=11642653', 'СПб, клуб «Filin Good», Литейный 64/78, угол Невского пр., во дворе ', '20:00:00', '200 рублей', ''),
(166, '2009-09-25', 'Театральный open-air — «СВОБОДА СЛОВА»', 'http://www.akhmatova.spb.ru/upload/press/press_N86_ru.html', 'СПб, парк музея Ахматовой, Литейный 53', '18:00:00', '150-350 рублей', '«Что-то вроде праздника литературы» Театрализованная видео-инсталляции в саду Фонтанного Дома. Мы закрываем фестиваль своим выступлением в 21.00. '),
(167, '2009-09-26', 'World music festival «Этномеханика»', 'http://www.kuryokhin.ru/EMF2009/index.htm', 'СПб, Центр Современного Искусства, Средний пр. В. О. 93', NULL, '', 'Так же выступают Троiца, Мари Бойн, Jouhiorkesteri , ДахаБраха и другие. Время нашего выступления уточняется.'),
(168, '2009-08-20', '', '', 'СПб, клуб «МОД»', '21:30:00', '', ''),
(169, '2009-08-16', 'Сольный концерт', '', 'Москва, клуб «Bilingua», Кривоколенный пер. дом 10 стр. 5; Метро: Тургеневская, Лубянка', '20:00:00', '200 рублей', ''),
(170, '2009-08-15', 'Фестиваль дикорастущей музыки «Дикая мята»', 'http://www.mintmusic.ru/', 'Москва, парк Тропарёво, ул. Академика Виноградова, метро: Коньково, Теплый Стан', NULL, 'вход свободный!', ''),
(171, '2009-07-25', 'Ежегодный фестиваль «Рыцарский Замок»', '', 'В этом году место проведения переносится из самого замка на близлежащюю территорию — флеши', NULL, '', 'Выступаем вечером в паре с Reelroadъ и рядом других групп.\r\n'),
(172, '2009-07-04', ' Фестиваль «Русская крепость»', 'http://www.korela.aesbi.ru/', 'Приозерск - крепость «Корела»', NULL, '', 'Играем в 18.00.'),
(173, '2009-06-06', '', '', ' СПб, ресторан «Наbeerежная», Аптекарская наб., 20', '22:00:00', 'вход свободный!', ''),
(174, '2009-05-31', 'Ollin Kan World Music Festival', '', 'Mexico city, Conciertodromo Ollin Kan', '16:00:00', '', ''),
(175, '2009-05-30', 'Ollin Kan World Music Festival', '', 'Mexico city, Multiforo Ollin Kan', '19:00:00', '', ''),
(176, '2009-05-28', 'Ollin Kan World Music Festival', '', 'Mexico city, venue: Delegacion Cauuhtemoc', '19:00:00', '', ''),
(177, '2009-05-24', '', '', 'Москва, клуб «Китайский лётчик Джао Да», Лубянский проезд, дом 25', '21:00:00', '300 рублей', 'Презентация нового альбома для тех кто вернулся с дачи. '),
(178, '2009-05-23', 'Презентация нового альбома', '', 'Москва, клуб «Вермель», Раушская наб. д. 4', '21:00:00', '300 рублей', ''),
(179, '2009-05-22', '', '', 'Белгород, «Hamilton’s pub», ул. Мичурина, 79', '21:00:00', 'вход свободный!', ''),
(180, '2009-05-16', 'Презентация нового альбома в Санкт-Петербурге!', '', 'СПб, клуб «Революция», Садовая 28', '20:00:00', '250-300 рублей', ''),
(181, '2009-05-02', 'Презентация нового альбома в Риге! ', '', 'Латвия, Рига, бар «Ленинград», Старая Рига, Kalеju 54', '21:00:00', '', ''),
(182, '2009-05-01', 'Презентация нового альбома!', '', 'Латвия, Лиепая, клуб «Fontain», Dzirnavu iela 4', '21:00:00', '', ''),
(183, '2009-04-20', 'Презентация новой программы в Москве!', '', 'Москва, клуб «Жесть», Б. Лубянка 13/16', '19:00:00', '300 рублей', ''),
(184, '2009-03-14', 'X ежегодный международный фолк фестиваль «День Святого Патрика»', ' http://patrickfestival.ru/', 'СПб, клуб «ГлавClub», Кременчугская 2, м. Площадь Восстания', '20:00:00', 'от 400 рублей уже в продаже.', 'Участвуют: Paddy Keenan (Ирландия), Reelroadъ, GurtYoGurt (Киев), Зелёные рукава, Old Horned Sheep, Welladay, Отава ё, Celtic City Experience, Junky Sailors, а также лучшие танцевальные школы Санкт-Петербурга.'),
(185, '2009-02-27', 'Презентация нового альбома группы «Тролль Гнёт Ель»', '', 'СПб, СКК, м. Парк Победы', NULL, '', 'Играем на презентации нового альбома группы «Тролль Гнёт Ель».'),
(186, '2009-01-17', 'Большой сольный концерт', '', 'СПб, клуб «Революция», ул. Садовая, 28', '20:00:00', '200-250 рублей', 'Играем свой максимальный the best.'),
(187, '2009-01-10', 'Концерт в последний день новогодних праздников', '', 'СПб, клуб «МОД»,  Конюшенная площадь, д. 2', '22:00:00', '', ''),
(188, '2008-10-24', ' Ночной концерт', '', 'СПб, клуб «МОД»,  Конюшенная площадь, 2', '01:00:00', '', 'Начало в 1 час ночи! '),
(189, '2008-08-08', 'Концерт испанской группы «ESNE BELTZA»', 'http://www.myspace.com/esnebeltza', 'СПб, клуб «МОД»,  Конюшенная площадь, 2', '22:00:00', '300 рублей', 'Играем на разогреве у отличной испанской команды ESNE BELTZA. Группа в Питере сыграет только один концерт. Играют они баскский фолк, рекомендую!'),
(190, '2008-06-28', ' Ежегодный open-air — фолк фестиваль «Midsummer»', ' http://midsummer.ru/', 'Выборг, парк  Монрепо', NULL, '350-400 рублей', 'Вместе с группами Reelroadъ, Musica Radicum, Osimira, Drolls, Ad libitum, White Owl и другими.'),
(192, '2008-05-24', 'Средневековый фестиваль «Майское дерево»', '', 'Приозерск, крепость Корела', '23:00:00', '350-1000 рублей', 'Так же участвуют группы: Drolls, Anima Helicis, Celtic City Experience. Желателен средневековый костюм.'),
(193, '2008-03-15', 'IX ежегодный фолк фестиваль «День Святого Патрика»', 'www.patrick.spb.ru', 'СПб, Клуб «Порт», Переулок Антоненко, 2', '19:00:00', '350-1000 рублей', 'До утра. Участвуют группы: Reelroadъ, Отава ё, Old Horned Sheep, Сказы Леса, Тролль гнёт ель, Session on stage, Celtic City Experience, Волынки и барабаны Санкт-Петербурга, специальные гости - Auli (Латвия).'),
(195, '2008-01-31', '', '', 'СПб, клуб «МОД»,  Конюшенная площадь, д. 2', '22:00:00', 'вход свободный!', ''),
(196, '2007-10-06', 'Ночной концерт', 'http://www.proektogi.ru/map.html ', 'Москва, клуб «Проект ОГИ», Потаповский пер., 8/12, строение 2, м. Чистые пруды, м.  Китай-город, вход со двора,  тел.: 627 53 66, 710 61 74 ', '00:00:00', '200 рублей', 'Начало в полночь! Схема проезда по ссылке.'),
(197, '2007-10-06', 'Акустический концерт-мастер-класс по танцам', '', 'Москва, школа по адресу: ул. Миклухо-Маклая, 20-А', '18:30:00', '', ''),
(198, '2007-10-07', '', '', 'Москва, клуб «Высоцкий», Нижний Таганский тупик 3', '20:00:00', ' 250 р. - на входе, 200 р. - с флаером', ''),
(199, '2007-09-27', 'Сольный концерт в ставшем культовым месте', '', 'СПб, клуб «МОД»,  Конюшенная площадь, 2', '22:00:00', 'вход свободный!', ''),
(200, '2007-09-13', ' Большой сольный концерт', '', 'СПб, клуб «The Place»,  ул. Маршала Говорова, 47', '19:00:00', ' 200 рублей для танцевальных школ по id-картам и по флаерам, 250 рублей для всех остальных', 'За лето мы сделали несколько новых песен и мелодий, так что будет кое-что новенькое! '),
(201, '2007-01-07', 'Средневековый фестиваль', '', 'Сосновый Бор', '14:00:00', '', 'Выступаем на средневековом фестивале, организованном судя по всему местным клубом любителей средневековой музыки. '),
(202, '2007-06-16', 'День города Сочи', '', '', NULL, '', 'Выступаем вечером, на открытой сцене. Сочинцы — следите за рекламой!!! '),
(203, '2007-06-20', ' Участвуем в спектакле "Энкрусихада" (Перекрёсток)', '', 'СПб, Большой Театр Кукол (БТК), ул. Некрасова, 10', '20:00:00', '200 рублей, в кассах города', 'Мы озвучиваем (живьём) 3 сцены в спектакле, который целиком посвящён Галисии и Андалусии. '),
(204, '2007-05-26', 'Средневековый фестиваль «Майское Дерево» в Выборгском замке', '', 'Выборг,  Выборгский замок', NULL, '', 'Выступаем в 23.00 Кроме нас учавствуют: Кэп и Ко, Slua Si, Тролль гнёт ель и другие. Весь день ярмарка мастеров, показательные выступления танцевальных школ, бои. Красийвешее место, народная музыка в стенах замка звучит особенно, это факт! '),
(205, '2007-05-19', 'Средневековый фестиваль «Майское дерево» в Приозерске', 'http://pkc-rks.com', 'Приозерск - крепость «Корела»', '22:00:00', ' в предварительной продаже - 250 руб, на входе 300 рублей.', 'Учавствуют также: Celtic City Experience и Аnima Helicis.  Время нашего выступления пока уточняется.'),
(206, '2007-04-21', 'Большой танцевальный концерт в новом клубе «Place»', ' http://www.ljplus.ru/img3/r/e/reelroad/shema.jpg', 'СПб, клуб «The Place»,  ул. Маршала Говорова, 47', NULL, 'на входе 250 р., по флаерам и ученикам танцевальных школ - 200 р.', ' По словам побывавших в клубе - это очень хорошее место. С качественным звуком и недорогим баром. Мы сыграем максимально большое количество танцевальных мелодий, в том числе которые мы обычно не играем на своих концертах. В рамках выступления пройдёт небольшой мастер-класс по народным танцам. Карта по ссылке.'),
(207, '2007-03-30', '', '', 'СПб,  клуб/ биллиардная «Карамболь», Московский 10/12', '21:00:00', '250 рублей', 'Новое не очень большое место, но приятное во всех отношениях. В счет билета бесплатное пиво — столько, сколько выпьешь.\n'),
(208, '2007-03-17', 'VIII международный ежегодный фолк фестиваль «День Святого Патрика»', 'www.patrick.spb.ru', 'СПб, клуб «Порт», переулок Антоненко, 2', '19:00:00', 'от 300 рублей', 'На всю ночь. Учавствуют группы: Ilgi (Латвия), Reelroadъ, Лео Севец и группа Kalakukko (Петрозаводск), The Dartz, Кеп и Ко, Отава ё, Session on Stage, Celtic City Experience. А также танцевальные школы: HDDS Triskal, Mirkwwod, Drink''n''Step, Shamrock.'),
(209, '2007-03-03', 'Фестиваль в честь 5ти-летия портала www.elf.org.ru', ' http://elf.org.ru/index.php?i=out&cat=news&cont=0702142000', '', '19:20:00', '', 'Выступаем первыми.'),
(210, '2007-03-03', '', 'http://turecky-pianist.livejournal.com/41666.html?mode=reply', '', NULL, '250 рублей', 'Пиво бесплатно... Даже не понятно - хорошо ли это или плохо? '),
(211, '2007-02-28', 'необычный концерт в необычном месте', '', 'СПб, ЛИИЖТ', '14:00:00', 'вход свободный!', ' С 14.00 до 15.00.'),
(212, '2007-02-17', 'Незапланированный концерт в ГЭЗ-21', '', 'СПб, ГЭЗ-21, Лиговский, 53, музейный флигель, 3 этаж', '21:00:00', '200 рублей', ''),
(213, '2007-02-08', 'Большой концерт совместно с группой «Кеп и Ко»', '', 'СПб,  Клуб «Орландина», наб Карповки 5/2', '19:00:00', 'от 200 рублей', 'Специальные гости: танцевальная школа Трискаль.'),
(214, '2006-12-27', 'Фестиваль «Новогодние праздники в стиле Этно»', ' http://spb.ethnolife.ru/', '', NULL, 'в театральных кассах (недорого)', 'Фестиваль, проводимый командой Этнолайфа, со всеми вытекающими последствиями (эзотерические мастер-классы, восточная кухня и т.д.). Играем на большой сцене, между 19 и 20.00.'),
(215, '2006-10-28', 'Самайн', '', 'СПб, Клуб «Порт», Переулок Антоненко, 2', '19:00:00', '300-350 рублей', 'Большой фолк-рок фестиваль посвящённый кельтскому празднику Самайн. Вместе с группами: Cruachan (Ирландия) и Reelroadъ (СПб), танцевальная школа Humpty-Dumpty Dance School и Mirkwood.'),
(216, '2006-10-15', 'День рождения Петра Сергеeва', '', 'СПб, клуб  «Цоколь», 3-я Советская улица, дом 2/3', NULL, '200 рублей', 'Празднуем день рождения нашего перкуссиониста Петра Сергеeва в новом клубе.  Клуб «Цоколь» открыт людьми из клуба «Молоко». Пётр участвовал в огромном количестве музыкальных проектов, так что в нашем концерте могут принять участие музыканты из многих известных фолк групп Санкт-Петербурга. '),
(217, '2006-10-13', 'Презентация альбома «Под аптекой» в Москве', '', 'Москва, клуб «Вереск», Старый арбат, 22', '20:00:00', '250 рублей', ''),
(218, '2006-10-07', 'Мастер-класс по деревенским танцам', '', 'СПб, клуб «Платформа», Некрасова, 40', '14:00:00', '100 рублей', 'С 14.00 до 17.00.'),
(219, '2006-09-14', 'Клубная презентация нашего нового альбома "Под Аптекой»', '', 'СПб, клуб «Платформа»,  Некрасова, 40', '20:00:00', ' 200 рублей, с флаером - 150 рубей', ''),
(220, '2006-09-23', 'Презентация альбома «Под Аптекой» в городе Архангельск', '', 'Архангельск, клуб «Колесо», ул. Гайдара 4/1', '18:00:00', '250 рублей', ''),
(221, '2006-05-24', 'Концерт в новом Хеседе', '', 'СПб, Большая Разночинная 25а, 5 минут от Чкаловской', '19:00:00', 'на входе 200 рублей', 'Отличный новый зал, с хорошим полом, много места для танцев. Играем одно отделение.'),
(222, '2006-05-20', 'концерт на «Майском дереве» у Рыцарей круглого стола в Приозерске', '', 'Приозерск, крепость «Корела»', '22:00:00', '', 'В ночь с 20го на 21ое Мая вместе с группами Irish Ёрш, Anima Helicis, Musica Radicum. Вход в костюмах, аппелирующих к средневековой эстетике.\r\n'),
(223, '2006-04-29', 'Совместное выступление с танцевальной школой «Triskal»', '', 'СПб, ирландский бар «Дублин»', '20:00:00', 'вход свободный!', 'Так получилось, что вот уже как несколько месяцев мы выступаем в этом баре вместе с танцорами. Обычно мы не даём анонсов наших выступлений в барах, так есть своя специфика в них, но в последнее время обстановка в баре стала очень приятная, поэтому мы всех туда приглашаем. '),
(224, '2006-03-17', 'VII ежегодный международный фолк фестиваль «День Святого Патрика в Санкт-Петербурге»', 'http://patrick.spb.ru/', 'СПб, Клуб «Порт», Переулок Антоненко, 2', NULL, '300-350 рублей. Он-лайн заказ билетов на http://www.bileter.ru/', 'Участвуют: Si Mhor, Reelroadъ, The Dartz, Nord Folks, Mervent, Отава ё, Musica Radicum, Кеп и Ко, Greg Dolan & the Inmates band, Celtic City Experience, а также школы ирландского танца - HDDS, Triskal, Shamrock, Ceili Club. На сайте работает форум. '),
(225, '2006-03-15', ' выступление на канале СТО', '', ' Прямой Эфир', '22:00:00', '', '');

--
-- Дамп данных таблицы `video`
--

INSERT INTO `video` (`id`, `player_code`, `desc`) VALUES
(1, '<object height="385" width="480"><param value="http://www.youtube.com/v/ps9RqYpdkX0?fs=1&amp;hl=en_US" name="movie"><param value="true" name="allowFullScreen"><param value="always" name="allowscriptaccess"><embed height="385" width="480" allowfullscreen="true" allowscriptaccess="always" type="application/x-shockwave-flash" src="http://www.youtube.com/v/ps9RqYpdkX0?fs=1&amp;hl=en_US" quality="low"><param name="quality" value="low"></object>', 'Эфир на канале СТО, 24го Сентября 2009 года. Авторская мелодия А. Белкина, слова народные'),
(2, '<object height="385" width="640"><param value="http://www.youtube.com/v/Ui2oKFXPHxI?fs=1&amp;hl=en_US" name="movie"><param value="true" name="allowFullScreen"><param value="always" name="allowscriptaccess"><embed height="385" width="640" allowfullscreen="true" allowscriptaccess="always" type="application/x-shockwave-flash" src="http://www.youtube.com/v/Ui2oKFXPHxI?fs=1&amp;hl=en_US" quality="low"><param name="quality" value="low"></object>', 'Мы сняли клип на песню "про диму и петю"!'),
(3, '<iframe height="390" frameborder="0" width="480" allowfullscreen="" src="http://www.youtube.com/embed/1A4zZmHCv8k" title="YouTube video player"></iframe>', '"Кадриль", видео с концерта'),
(4, '<object height="360" width="640">\r\n<param value="http://www.youtube.com/v/YbBU06irWT8?version=3&amp;hl=en_US" name="movie">\r\n<param value="true" name="allowFullScreen">\r\n\r\n<param value="always" name="allowscriptaccess">\r\n<embed height="360" width="640" allowfullscreen="true" allowscriptaccess="always" type="application/x-shockwave-flash" src="http://www.youtube.com/v/YbBU06irWT8?version=3&amp;hl=en_US" quality="low"><param name="quality" value="low"></object>', 'Новый клип "про ивана groove"'),
(5, '<object height="360" width="640"><param value="http://www.youtube.com/v/eIa7ZfJUeGU?version=3&amp;hl=en_US" name="movie">\r\n\r\n<param value="true" name="allowFullScreen">\r\n\r\n<param value="always" name="allowscriptaccess">\r\n<embed height="360" width="640" allowfullscreen="true" allowscriptaccess="always" type="application/x-shockwave-flash" src="http://www.youtube.com/v/eIa7ZfJUeGU?version=3&amp;hl=en_US" quality="low"><param name="quality" value="low"></object>', 'Третий официальный видеоклип фолк-группы Отава Ё, песня на стихи Даниила Хармса. Снято в марте 2012 года во дворе музея Анны Ахматовой, в Санкт-Петербурге');
SET FOREIGN_KEY_CHECKS=1;