
SET FOREIGN_KEY_CHECKS=0;
SET SQL_MODE="NO_AUTO_VALUE_ON_ZERO";
SET time_zone = "+00:00";

--
-- База данных: `otava`
--

--
-- Дамп данных таблицы `album`
--

INSERT INTO `album` (`id`, `title`, `year`, `desc`) VALUES
(1, 'Рождество', 2011, '<p>Альбом русских рождественских песен — третий по счёту альбом фолк-группы Отава ё.</p>\n<p>Все песни народные. Мы осознанно искали именно русскоязычные варианты текстов многим известных рождественских песен, это было для нас принципиально.</p>\n<p>Часть песен с этого альбома вошли в совместную одноимённую театральную постановку с театром «Странствующие куклы господина Пэжо».</p>\n<p>Презентация альбома состоялась в ДК Выборгский 13 декабря 2011 года.</p>\n\n<p class="title-em">В записи принимали участие:</p>\n<ul class="list">\n<li><span>Алексей Белкин</span> — гусли, жалейка, волынка, low whistle, бубен, ложки, голос</li>\n<li><span>Алексей Скосырев</span> — акустическая гитара, маленькая гитара, голос</li>\n<li><span>Дмитрий Шихардин</span> — фиддл, мандолина, балалайка, колокольчик, голос</li>\n<li><span>Пётр Сергеев</span> — дарбука, большой барабан, коробочка</li>\n<li><span>Тимур Сигидин</span> — бас-гитара</li>\n<li><span>Юлия Усова</span> — скрипка</li>\n</ul>\n<p class="title-em">Приглашённые музыканты:</p>\n<ul class="list">\n<li><span>Илья Доброхотов</span> — никельхарпа (7), кантеле (2, 4, 6), колёсная лира (3)</li>\n<li><span>Наталия Назарова</span> — виолончель (1, 5, 9)</li>\n<li><span>Алексей Гусаров</span> — скрипка (9)</li>\n<li><span>Рустик Позюмский</span> — альт (1, 9)</li>\n<li><span>Роман Тентлер</span> — контрабас (3, 5)</li>\n<li><span>Денис Сладкевич</span> — барабан (8)</li>\n</ul>\n<p>Записано на студии «Часовщик» в период с марта по ноябрь 2011 года, звукорежиссёр Евгений Кирциделли. </p>\n<p>Сведение — GEM studio (Рига, Латвия), звукорежиссёр — Gatis Gaujenieks.</p>\n<p>Мастеринг — Tom Meyer, Studio «Master & Servant», Hamburg, Germany. </p>\n<ul class="list">\n<li>Все песни народные.</li>\n<li><span>Все аранжировки</span> — Отава ё.</li>\n<li><span>Художественное оформление</span> — Светлана Кондесюк.</li>\n<li><span>Дизайн буклета</span> — Андрей Евдоков.</li>\n<li><span>Перевод</span> — Алексей Финогенов, Бенита Яундалдере.</li></ul> '),
(2, 'Жили-были', 2009, '<p>Отава ё — side-проект музыкантов сразу же нескольких известных Петербургских фолк-групп (Reelroadъ, Сказы Леса).</p>\n<p>Альбом «Жили-были» в основном состоит из ОЧЕНЬ в недавнем прошлом популярных и всем известных в нашей стране песен и мелодий. Некоторые из них хоть и имеют конкретных авторов, но по праву могут называться народными — «Риорита», «Крутится, вертится шарф голубой», «лезгинка», «жил-был у бабушки серенький козлик» — Отава ё представляют хиты прошлого в новом неожиданном свете. Отава ё — это шесть человек играющих на различных этнических инструментах — волынки, скрипки, жалейки, гусли, а также акустическая гитара и всевозможная перкуссия.</p>\n<p>Все участники Отавы ё — опытные фолк музыканты и не понаслышке знают, что такое этническая музыка и настоящий фолк драйв, и что так же важно — у группы прекрасное чувство юмора! Если в процессе прослушивания вы улыбнулись — это значит, что музыканты добились своей цели. Группа Отава ё негласно носит эпитет одной из самых весёлых фолк групп Санкт-Петербурга.</p>\n<p>Музыканты очень серьёзно подошли к «несерьёзным» песням. Альбом записывался в Санкт-Петербурге в течение полугода, после чего сводился в Латвии, а мастеринг делался в Германии.</p> '),
(3, 'Под аптекой', 2006, '<p>Альбом записанный группой по следам своих выступлений на Невском проспекте в городе Санкт-Петербург. Совершенно случайным образом музыканты вдруг решили собраться и поиграть на улице именно группой. К тому времени у всех нынешних участников группы уже был богатый опыт уличных выступлений, но в основном заграницей. Первый совместный опыт игры в Петербурге на улице группой оказался настолько позитивным, что с этого момента Отава ё стали регулярно выступать около гомеопатический аптеки на Невском проспекте. Отсюда и название альбома — «Под аптекой».</p>\r\n<p>Репертуар состоял в основном из кельтских мелодий. Практически все аранжировки были сделаны в процессе уличных концертов. Чтобы сохранить концертный дух, альбом "Под аптекой" был записан живьём на Петербургской студии грамзаписи, с небольшими дописками сделанными на студии «Часовщик». Звук и концепция альбома получились вполне адекватными состоянию группы на тот момент.</p>\r\n<p>По принципиальным соображениям «Под аптекой» был издан без участия выпускающих лэйблов, то есть своими силами, в формате диджипак на деньги вырученные от уличных выстулпений.</p>\r\n<p class="title-em">В записи приняли участие:</p>\r\n<ul class="list">\r\n<li><span>Алексей Белкин </span> — галисийская волынка, shuttle pipe, жалейка, вокал</li>\r\n<li><span>Дмитрий Шихардин</span> — фиддл, вокал</li>\r\n<li><span>Алексей Скосырев</span> — акустическая гитара, вокал</li>\r\n<li><span>Наталья Высоких</span> — скрипка</li>\r\n<li><span>Пётр Сергеев</span> — дарбука</li>\r\n<li><span>Светлана Кондесюк </span>— галисийская волынка, флейта</li>\r\n<li><span>Роман Стансков</span> — бузуки</li>\r\n</ul>\r\n<p>К сожалению, с тех пор в нашем городе многое изменилось и музыкантам группы Отава ё больше не дают играть на улице ссылаясь на то, что это не разрешено и является незаконной коммерческой деятельностью. Так что на сегодняшний день альбом «Под аптекой» — единственное место где возможно услышать музыку уличных музыкантов в нашем городе.</p>');

--
-- Дамп данных таблицы `audio`
--

INSERT INTO `audio` (`id`, `album_id`, `title`) VALUES
(1, 1, 'Как в Иерусалиме рано зазвонили'),
(2, 1, 'Днесь Христос родился'),
(3, 1, 'Христос Спаситель'),
(4, 1, 'На небе зорька'),
(5, 1, 'Рождество Христово, ангел прилетел'),
(6, 1, 'Небо и земля'),
(7, 1, 'Уродилась коляда'),
(8, 1, 'Запевайте, христиане'),
(9, 1, 'Эта ночь святая'),
(10, 1, 'Торжествуйте, веселитесь'),
(11, 2, 'Интро'),
(12, 2, 'Кадриль'),
(13, 2, 'Жил-был у бабушки серенький козлик'),
(14, 2, 'Про Ивана groove'),
(15, 2, 'Лезгинка'),
(16, 2, 'Гавоты'),
(17, 2, 'Про Диму и Петю'),
(18, 2, 'Во кузнице'),
(19, 2, 'Финская полька'),
(20, 2, 'Иванушка рачек'),
(21, 2, 'Риорита'),
(22, 2, 'Крутится вертится шарф голубой'),
(23, 3, 'Reels'),
(24, 3, 'Saltarella / Tarantella'),
(25, 3, 'Bailar'),
(26, 3, 'Польки / Найман'),
(27, 3, 'Джиги'),
(28, 3, 'Шведская'),
(29, 3, 'La sansonette'),
(30, 3, 'Lazersong'),
(31, 3, 'Песня'),
(32, 3, 'Хит'),
(33, 3, 'Вальс Петрова');


--
-- Дамп данных таблицы `concert`
--

INSERT INTO `concert` (`id`, `date`, `title`, `link`, `place`, `time`, `cost`, `desc`) VALUES
(4, '2013-08-23', '', 'http://www.mjr.lt/arc/mjr2012/en/festival/about-festival', 'Lithuania', NULL, '', ''),
(5, '2013-07-10', 'Viru Folk 2013', 'http://virufolk.ee/', 'Estonia, Виру', NULL, '', ''),
(6, '2013-07-27', '', '', 'Latvia, Цесис', NULL, '', 'Фестиваль организованный лэйблом Lauska по поводу своего юбилея и выхода нового сборника Sviests 5 с нашим участием'),
(7, '2013-07-15', '', '', 'Austria, Mistelbach', NULL, '', 'Концерт в пабе'),
(8, '2013-07-13', '', 'http://www.wellenklaenge.at', 'Austria', NULL, '', ''),
(9, '2013-07-12', 'The 7th Wackelsteinfestival', 'http://www.wackelsteinfestival.at', 'Austria', NULL, '', ''),
(10, '2013-07-10', 'Kaustinen folk festival', 'http://kaustinen.net/en/', 'Finland', NULL, '', ''),
(11, '2013-07-09', 'Kaustinen folk festival', 'http://kaustinen.net/en/', 'Finland', NULL, '', ''),
(12, '2013-06-30', 'Cекретный летний концерт', '', 'СПб, Восточная африка', NULL, '', ''),
(13, '2013-06-23', 'Фестиваль живой музыки «Троица - всё живое»', 'http://www.3fest.ru', 'Электроугли', NULL, 'вход свободный', ''),
(14, '2013-06-22', 'Фестиваль «Солнцестояние»', 'http://www.solarfest.su/', 'Омская область, Муромский район, д. Окунёво', NULL, '', ''),
(15, '2013-06-21', 'Фестиваль «Солнцестояние»', 'http://www.solarfest.su/', 'Омская область, Муромский район, д. Окунёво', NULL, '', ''),
(16, '2013-06-08', 'Фестиваль «Puude taga on inimene»', 'http://puudetagaoninimene.ee/', 'Таллин', NULL, '', ''),
(17, '2013-11-15', ' Folkherbst nomintation', '', 'Germany, Plauen', NULL, '', ''),
(19, '2013-11-14', '', '', 'Germany, Frankfurt/ Oder', NULL, '', ''),
(20, '2013-10-25', 'Russian Days', '', 'Finland, Helsinki', NULL, '', ''),
(21, '2013-10-24', 'Russian Days', '', 'Finland, Helsinki', NULL, '', ''),
(22, '2013-10-10', 'Московская презентация нового альбома', '', 'Москва, клуб «16 Тонн»', '20:00:00', '', ''),
(23, '2013-09-22', 'Презентация нового альбома «Что за песни»', 'http://vk.com/event55535424', 'СПб, Клуб А2, проспект Медиков, 3, зал «Спутник»', NULL, '400-1200 рублей', ''),
(24, '2013-09-21', 'фестиваль WOMAD-Russia', 'http://womadrussia.ru/', 'Пятигорск', NULL, '', ' Участники: Хун-хуур-ту, Дживан Гаспарян, Зуля Кмалова, Вопли Видоплясова и др.'),
(25, '2013-09-08', 'фестиваль Kamwa', 'http://www.kamwa.ru/', 'Пермь', NULL, '', ''),
(26, '2013-09-07', 'Этнофорум', 'http://vk.com/tomsketno_group', 'Томск', NULL, '', ''),
(27, '2013-09-06', 'Этнофорум', 'http://vk.com/tomsketno_group', 'Томск', NULL, '', ''),
(28, '2013-08-24', '', '', 'Latvia, Riga,  «Egle» (Old Riga), Kaleju 8', '20:00:00', 'Free entrance', ''),
(29, '2013-06-02', '', '', 'СПб, клуб DaDa, Гороховая 47', '19:00:00', '300-400 рублей', ''),
(30, '2013-05-15', '', '', 'Москва, клуб «Шоколадная фабрика», ул. Рабочая, 38', '20:00:00', '400-500 рублей', ''),
(31, '2013-03-30', ' FESTIVAL PAASPOP SCHIJNDEL', 'http://www.paaspop.nl/', 'Netherlands', NULL, '', ''),
(32, '2013-03-29', 'Сольный концерт', '', 'Latvia, Riga,  Nabaklub, Zigfrida Annas Meierovica bulvāris 12.', '21:00:00', '', ''),
(33, '2013-03-16', ' XIV фестиваль «День Святого Патрика в Санкт-Петербурге»', 'http://vk.com/club14469698', 'СПб, Клуб А2, проспект Медиков, 3, зал «Мир»', '20:00:00', 'от 500 рублей', ' Участники: Finnegan Trio+Karan Casey (Ирландия), Art Ceilidh (Москва), Old Horned Sheep, Отава Ё, Минус Трели+Волынки и барабаны Санкт-Петербурга, Celtic City Experience, The Sloggers, Berkana.\r\nwww.patrickfestival.ru'),
(34, '2013-02-09', 'World Music festival Fusion Fiesta', 'http://www.kolkatafusionfiesta.com', ' India, Kolkata', '18:00:00', '', ' Performance together with Carlos Gonsalves(Goa)'),
(35, '2013-02-07', ' Festival Sufi Sutra', '', ' India, Delhi', NULL, '', ''),
(37, '2013-02-03', 'Festival Sufi Sutra', 'http://www.banglanatak.com/', 'India, Kolkata', '18:00:00', 'Free entrance', 'Evening performance (6 pm-9 pm)'),
(38, '2013-02-02', 'Festival Sufi Sutra', 'http://www.banglanatak.com/', 'India, Kolkata', '11:00:00', 'Free entrance', ' Day time workshop (11 am-14 pm)'),
(39, '2013-01-26', '', '', 'СПб, клуб «Африка» (Восточная),  Улица Печатника Григорьева д. 13', '19:00:00', '300 рублей', ''),
(40, '2013-01-19', '', '', 'Архангельск, клуб «Колесо», ул. Гайдара 4/1', NULL, '300-350 рублей', ''),
(42, '2013-01-13', '', '', 'Электроугли,  ул. Парковая д. 14', '17:00:00', 'вход свободный', ''),
(43, '2013-01-12', 'музыкальный спектакль «Рождество»', '', 'СПб,  Театр "Плоды Просвещения" на территории «Гранд Каньона», 3й этаж, проспект Энгельса 154', '18:00:00', '500 рублей', 'Музыкальный спектакль «Рождество», совместно с театром «Странствующие куклы г-на Пэжо» и струнным квартетом. Билеты рублей в кассе театра и кассах ДТЗК.'),
(44, '2012-11-16', ' Russian Formula of Happiness', 'http://www.facebook.com/events/383144911762938/', ' Швейцария, г. Лугано', NULL, '', ''),
(45, '2012-11-09', 'презентация нового видеоклипа «Дворник»', '', 'Москва, клуб «Шоколадная фабрика», ул. Рабочая, 38', '19:00:00', '400-500 рублей', ''),
(46, '2012-11-05', 'презентация нового видеоклипа «Дворник»', 'http://vk.com/event43450426', 'СПб, клуб «МОД»,  наб. канала Грибоедова, 7', '19:00:00', '300-400 рублей', ''),
(47, '2012-10-05', 'II Viiulifestival', '', 'Estonia, Kihnu', '22:00:00', '', ''),
(48, '2012-09-11', 'открытие новой площадки клуба Африка', '', 'СПб, клуб «Африка» (Восточная),  Улица Печатника Григорьева д. 13', '19:00:00', 'Вход свободный', ''),
(49, '2012-08-19', '', '', 'Latvia, Jūrmala, «Jomas Skatuve», Pilsoņu iela 14/16', '19:00:00', '', ''),
(50, '2012-08-18', '', '', 'Latvia, Riga,  «Bubamara» klubs, Audeju Iela. 8', '21:00:00', '', ''),
(51, '2012-08-17', 'Lowlands festival', '', 'Netherlands, Biddinghuizen, Lima stage', '20:15:00', '', ''),
(52, '2012-08-15', '', '', 'Latvia, Riga,  «Egle»,  Kaļķu 1a', '20:00:00', '', ''),
(54, '2012-08-14', '', '', 'Latvia, Jūrmala, «Jomas Skatuve», Pilsoņu iela 14/16', '19:00:00', '', ''),
(55, '2012-08-11', 'Fontaine festival', '', 'Latvia, Liepāja, Dzirnavu iela 4, LV-3401', '21:15:00', '', 'сцена Gypsy camps'),
(56, '2012-08-10', 'III Мотоконференция Калининградской области', 'http://sm39.ru/', ' посёлок Лесное (рядом со Светлогорском)', NULL, '', ''),
(57, '2012-08-09', '', '', ' Latvia, Jelgava, «Melno Cepurīšu Balerija», Raiņa 20', '21:30:00', '', ''),
(58, '2012-08-01', '', '', ' Latvia, Riga, «Ne kadu problema», Tirgoņu iela 5/7', '19:00:00', '', ''),
(59, '2012-07-31', '', '', 'Latvia, Jūrmala, «Jomas Skatuve», Pilsoņu iela 14/16', '19:00:00', '', ''),
(60, '2012-07-30', '', '', 'Latvia, Jūrmala, «Jomas Skatuve», Pilsoņu iela 14/16', '19:00:00', '', ''),
(61, '2012-07-29', '', '', 'Latvia, Riga,  «Egle», Kaļķu 1a', '20:00:00', '', ''),
(62, '2012-07-28', 'Майянский Новый Год', ' http://vk.com/maiang2012', 'СПб, клуб «The Place»,  ул. Маршала Говорова, 47', NULL, '', ''),
(63, '2012-07-21', '', 'http://redfoxpub.ru/', 'СПб, паб «Redfox», Пулковское шоссе 3', '21:00:00', '', ''),
(64, '2012-06-27', '', '', 'Latvia, Riga, «Egle»,  Kaļķu 1a', '20:00:00', '', ''),
(65, '2012-06-29', 'Festival ATRIUM ART 2012', 'http://www.atriumart.rimava.sk/program-2012/', 'Slovakia - Rimavská sobota', '22:00:00', '', ''),
(66, '2012-06-30', 'Heart Culture Festival 2012', 'http://www.herzkultur.org/heartculture/', ' Austria, Gerersdorf bei Gussing', NULL, '', ''),
(67, '2012-07-05', '', '', 'Austria,  Vienne, Cafe Concerto Lerchenfelder Gürtel 53, 1160', '21:00:00', '', ''),
(68, '2012-07-07', ' Festival «Nitra, mila Nitra 2012»', 'http://www.nitra.sk/news.php?extend.1249.466', 'Slovakia,  NITRA', '16:30:00', '', ''),
(69, '2012-07-07', '', '', 'Slovakia, LEVICE, Kaviareň na Korze', NULL, '', 'evening'),
(70, '2012-07-09', '', '', 'Latvia, Riga, «Egle»,  Kaļķu 1a', '20:00:00', '', ''),
(71, '2012-07-10', '', '', 'Latvia, Jūrmala, «Jomas Skatuve», Pilsoņu iela 14/16', '19:00:00', '', ''),
(72, '2012-06-23', ' фестиваль «Ыбица»', 'http://www.ybitsa.ru/', 'Сыктывкар', NULL, '', ''),
(73, '2012-06-17', 'фестиваль «Феерия Состояний»', 'http://fs-spb.ucoz.ru/ ', 'Гатчина', NULL, '', ''),
(74, '2012-06-16', 'фолк-фестиваль «Сурица»', 'http://proffest.ru/', 'Тверь', NULL, '1000 рублей', 'Так же участвует Reelroadъ (!), и другие коллективы. '),
(75, '2012-06-14', 'IX Encontro de Culturas e Mercado Cultural', 'http://www.cm-serpa.pt/artigos.asp?id=1177', 'Portugal, Serpa', NULL, '', ''),
(76, '2012-06-13', 'Festas Antoninas 2012', ' http://www.cm-vnfamalicao.pt/_festas_antoninas_2012', 'Portugal,  V.N. Famalicao, Praca D.Maria II', '21:30:00', '', ''),
(77, '2012-06-02', ' Фестиваль «Дикая Мята»', 'www.mintmusic.ru', ' Калужская область, комплекс «Этномир»', NULL, '1500 рублей', 'Играем в 15.00. Состав участников очень солидный!'),
(78, '2012-05-26', 'фестиваль Gypsy Camp', '', 'Latvia, Liepāja', '21:30:00', '', ''),
(79, '2012-05-25', 'Сольный концерт', '', 'Latvia, Riga,  Nabaklub, Zigfrida Annas Meierovica bulvāris 12', '21:00:00', '2 лата', ''),
(80, '2012-05-19', '«Ночь музеев»', '', ' СПб, музей им. Кирова, Каменноостровский проспект 26/28', '18:30:00', '', ''),
(81, '2012-04-22', ' презентация нового клипа!', '', 'СПб, клуб «МОД», Набережная Канала Грибоедова, д. 7', '20:00:00', '400 рублей. Дети до 7ми лет - бесплатно.\n', 'Специальные гости: Tomas KOCKO & ORCHESTR (Чехия).'),
(82, '2012-04-14', '«Русский день» в Эстонском центре народной музыки', '', 'Эстония, Вильянди, Tasuja pst 6', '20:00:00', '6,5/ 5 евро ', ''),
(83, '2012-04-13', '', '', 'Latvia, Riga,  «Bubamara» klubs, Audeju Iela. 8', '21:00:00', 'вход свободный', ''),
(84, '2012-03-24', '', '', ' Франция, Flamanville, Le Rafiot. ', NULL, '', ''),
(85, '2012-03-23', '', '', 'Франция, Saint-Sauveur-Lendelin, Espace Culturel.', NULL, '', ''),
(86, '2012-03-22', '', '', 'Франция, Quettehou, Halle aux Grains. ', NULL, '', ''),
(87, '2012-03-21', '', '', 'Франция, 6 place Auguste Cousin Saint-Sauveur le Vicomte, Basse-Norm. Salle le Normandy.', NULL, '', ''),
(88, '2012-03-20', '', '', 'Франция - La Haye Pesnel, Basse-Norm, ESPACE DU BOCAGE.', NULL, '', ''),
(89, '2012-03-17', 'XIII Ежегодный фолк фестиваль «День Святого Патрика в Санкт-Петербурге»', 'www.patrickfestival.ru', 'СПб,  Клуб «Космонавт», ул. Бронницкая, 24', '20:00:00', 'от 500 рублей', ' Участники: AULI (Латвия), Mervent (Москва), Anistratov-project (Москва), Celtic City Experience, Welladay, Минус Трели.'),
(90, '2012-03-03', ' концерт-лекция «МОЛОДЕЖЬ ВЧЕРА И СЕГОДНЯ: ДИМА И ПЕТЯ»', '', 'СПб, музей им. Кирова, Каменноостровский проспект 26/28', '18:00:00', '400 рублей', ''),
(91, '2012-02-25', '«Масленица» в Парке Горького', '', 'Москва, парк Горького', NULL, '', ''),
(92, '2012-02-24', '«Масленица» в Парке Горького', '', 'Москва, парк Горького', NULL, '', ''),
(93, '2012-02-23', 'Масленица в клубе DaDa', '', 'СПб, «клуб DaDa», Гороховая 47', '19:00:00', '400 рублей', 'В стоимость билета входит - любой напиток в баре. Всех пришедших угощаем блинами!!! '),
(94, '2012-01-09', 'музыкальный спектакль «Рождество» ', '', 'СПб, Театр "Плоды Просвещения" на территории «Гранд Каньона», 3й этаж, проспект Энгельса 154', '19:00:00', '300-400 рублей', 'Совместно с театром «Странствующие куклы г-на Пэжо».'),
(95, '2012-01-08', 'Рождественский концерт', '', 'СПб, Театр "Плоды Просвещения" на территории «Гранд Каньона», 3й этаж, проспект Энгельса 154 ', '20:00:00', '', ''),
(96, '2012-01-13', 'Рождественский концерт в клубе «Книги и кофе»', '', 'СПб,  клуб «Книги и кофе», набережная Макарова, 10/ 1', '20:00:00', '300 рублей', ''),
(97, '2011-12-13', 'Презентация Рождественского альбома и премьерный показ спектакля «Рождество» ', 'http://vkontakte.ru/event31785753', 'Спб,  ДК Выборгский (малый зал). Адрес - улица Комиссара Смирнова, 15', '19:00:00', '300 рублей', 'Презентация Рождественского альбома и премьерный показ спектакля «Рождество» совместно с театром «Странствующие куклы господина Пэжо»'),
(98, '2011-11-27', '', '', 'Москва, клуб «Шоколадная фабрика», ул. Рабочая, 38', '19:00:00', '350 рублей', ''),
(99, '2011-11-20', '4-х-летие теремка ПБС', 'http://vkontakte.ru/event31229102 ', 'СПб, ДК Петро-Славянка (м. Рыбацкое)', '14:00:00', '200 рублей', 'Танцы (мастер-класс и не только)'),
(100, '2011-11-02', ' Совместный концерт с группой Добраночь', '', 'СПб, клуб «МОД»,  наб. канала Грибоедова, 7', '20:00:00', '200 рублей', ''),
(101, '2011-09-10', ' open-air Folkday', 'www.folkday.ru', 'Москва, Зелёный Театр, Крымский вал, д.9, стр.33, м. Парк Культуры', '17:00:00', '', ''),
(102, '2011-08-28', '', ' http://www.kcdunaj.sk/', 'Slovakia, Bratislava «Klub "KC DUNAJ»', '19:00:00', '', ''),
(103, '2011-08-27', 'European festival of humor and satire «Kremnicke gagy»', 'http://www.gagy.sk/', 'Slovakia, Kremnica', NULL, '', ''),
(104, '2011-08-26', 'European festival of humor and satire «Kremnicke gagy»', 'http://www.gagy.sk/', 'Slovakia, Kremnica', '15:00:00', '', ''),
(105, '2011-08-25', '', '', 'Austria, Wien, Kulturzentrum "7Stern", Siebensterngasse 31, 1070', '20:00:00', '', ''),
(106, '2011-08-23', '', '', 'Austria, Mistelbach, Pub "Altes Depot", Oserstrase 9, 2130', '21:00:00', '', ''),
(107, '2011-08-21', '', '', 'Poland, Sanok,  «Kermesz Karpackich smakow»', NULL, '', ''),
(108, '2011-08-20', ' Festival «Swieto Ceramiki»', '', ' Poland, Boleslawieckie', NULL, '', ''),
(109, '2011-08-19', '', '', ' Germany, Berlin, Club "Hangar49", Holzmarktstr. S-Bahnbogen 49', NULL, '5 euro', ''),
(110, '2011-08-18', '', '', 'Germany, Berlin, Club «Kaffee Burger» (mit RotFront). Torstrasse 60', NULL, '5 euro', ''),
(111, '2011-08-14', ' XIX Miedzynarodowy Festiwal Folkloru', '', 'Poland, Strzegom', NULL, '', ''),
(112, '2011-08-13', 'festiwal Bukowinskie Bajania', '', 'Poland, BUKOWINA TATRZANSKA', NULL, '', ''),
(113, '2011-08-11', '', '', 'Slovakia, Levoca', NULL, '', ''),
(114, '2011-08-06', 'Wegorapa folk music festival', '', 'Poland, Wegorzewo', NULL, '', ''),
(115, '2011-08-05', '«Laba Daba» open-air festival', 'www.labadaba.lv', 'Latvia, Ratnieki, Liigatne', NULL, '', ''),
(116, '2011-08-04', '', '', 'Latvia, Riga,  «Bubamara» klubs, Audeju Iela. 8', '21:00:00', 'Free entrance\n', ''),
(117, '2011-08-03', '', '', 'Latvia, Riga,  «Egle»,  Kalku iela 1a (Vec Riga)', '07:30:00', 'Free entrance\n', ''),
(118, '2011-08-02', '', '', 'Latvia, Riga,  «Nekadu problemu» (Dome Square, Old Riga)', '20:00:00', 'Free entrance\n', ''),
(119, '2011-07-28', ' Знакомство с нашей новой скрипачкой!', '', 'СПб, клуб «МОД»,  наб. канала Грибоедова, 7', '20:00:00', '', ''),
(120, '2011-05-22', ' фестиваль-Карнавал «ЕСТЬ КОНТАКТ»', '', 'СПб, ЦПКиО им. С.М.Кирова', '12:00:00', 'Вход свободный', 'Выступают: Отава ё, Добраночь и Ива Нова.'),
(121, '2011-05-21', '«Ночь музеев»', '', 'Спб,  музей им. Зощенко, набережная Канала Грибоедова, 9', '19:00:00', 'Вход свободный', 'Традиционное выступление в «Ночь музеев»'),
(122, '2011-07-02', '«День Достоевского»', '', 'СПб, парк музея Ахматовой, Литейный 53', '16:00:00', 'стоимость символическая', 'Отава ё выступает в 18.00.'),
(123, '2011-05-05', 'фестиваль Позитивной музыки', '', 'СПб, клуб «МОД», набережная канала Грибоедова, 7, во дворе', '19:00:00', 'от 150 рублей', 'Выступаем  с группами «ОПА!» и «Свобода».'),
(124, '2011-04-24', ' танцевальная вечеринка-мастер-класс по народным танцам в составе ВИА', '', 'СПб,  Можайка, ул. Красного Курсанта, 18', '17:30:00', '200 рублей', ''),
(125, '2011-04-22', 'Камерный концерт без шапок', '', ' СПб, бар «Король плющ», пр. Энгельса, 111', '20:00:00', '100 рублей', ''),
(126, '2011-03-19', 'XII ежегодный фолк фестиваль «День святого Патрика в СПб»', 'http://patrickfestival.ru', 'СПб,  клуб «Космонавт», ул. Бронницкая, 24, м. Технологический институт', '17:00:00', 'от 400 рублей', 'Вместе с группами: Тинтал (Мск), Почти Непьющий Оркестр (Брянск), Mervent (Мск), Old Horned Sheep, Lacuna, Волынки и барабаны Санкт-Петербурга. '),
(127, '2011-03-17', 'День святого Патрика', '', 'Калиниград, клуб «Кури бамбук»', NULL, '', ''),
(128, '2011-03-05', 'Большой масленичный концерт с танцами', 'http://www.shokoladnayafabrika.ru/ ', 'Москва, клуб «Шоколадная фабрика», ул. Рабочая, 38', '20:00:00', '300-350 рублей', ''),
(129, '2011-03-04', 'Полуакустический семейный концерт', 'http://putzerna.ru', 'Москва, Вальдорфская школа «Путь зерна», ул. Миклухо-Маклая, 20А', '19:00:00', '250 рублей', ''),
(131, '2011-03-02', 'Масленица вместе с группой «Белорыбица»', '', 'СПб, клуб «Шум», 5я Советская, 45', '19:00:00', '200-300 рублей', ''),
(132, '2011-01-14', 'Фолк-Рождество!', 'http://vkontakte.ru/event22123833', 'СПб, Клуб «Зал Ожидания», Набережная обводного канала 118', '19:00:00', '300-400 рублей', 'Выступают — Отава ё (со специальной рождественской программой), Old Horned Sheep и Вокально-инструментальная артель.'),
(133, '2010-11-25', '', '', 'СПб, бар Тинькофф, улица Казанская, д. 7', '20:00:00', 'вход свободный!', ''),
(134, '2010-11-14', 'Концерт-презентация первого официального клипа «Про Диму и Петю»', '', 'СПб, клуб «Шум»,  5я Советская улица, д. 45', '20:00:00', '250-300 рублей', ''),
(135, '2010-09-30', 'открытие частного (очень большого) музея современного искусства', '', 'СПб, В.О., 29я линия, д. 2', '20:00:00', 'вход свободный', ''),
(136, '2010-09-15', 'Большой сольный концерт по поводу сбора урожая', '', ' СПб, «Главбар», Кременчугская, 2', '20:00:00', '250-300 рублей', ''),
(137, '2010-09-04', '', '', 'Москва, клуб «M-Club», Проспект Мира, 119 ВВЦ ВДНХ павильон «Москва»', '21:00:00', '300 рублей', 'Сбор гостей в 20.30.'),
(138, '2010-08-14', 'Folk festival «Les Traversees Tatihou»', 'http://tatihou.manche.fr/', 'Франция', NULL, '', ''),
(139, '2010-08-12', '', '', 'Латвия, Рига, бар «Ленинград», Старая Рига, Kalеju 54', '21:00:00', '', ''),
(140, '2010-08-10', '', '', 'Латвия, старая Рига, клуб «Egle»', '20:00:00', '', ''),
(141, '2010-08-09', '', '', 'Латвия, старая Рига, клуб «Ne kada problema»', '20:00:00', '', ''),
(142, '2010-08-07', '', '', 'Latvia, Liepāja, «Fontain» klubs, Dzirnavu iela 4', NULL, '', ''),
(143, '2010-08-06', 'Фестиваль «Laba Daba»', 'http://www.labadaba.lv ', 'Латвия, Рига', NULL, '', ''),
(144, '2010-07-30', 'фестиваль «Wegorapa»', 'http://www.wegorapa.pl/ ', 'Польша', NULL, '', ''),
(145, '2010-07-29', '', '', 'Калининград, клуб «Черепица» совместно с клубом «Dreadnought»', '20:00:00', '200-300 рублей', ''),
(146, '2010-07-25', 'XIV фолк фестиваль «Z WIEJSKIEGO PODWORZA»', 'http://www.czeremszyna.pl', ' Польша - Czeremcha', NULL, '', ''),
(147, '2010-07-24', ' Viljandi folk festvial', 'www.folk.ee ', 'Эстония', NULL, '', ''),
(148, '2010-07-23', 'Viljandi folk festvial', 'www.folk.ee ', 'Эстония', NULL, '', ''),
(149, '2010-07-22', 'Viljandi folk festvial', 'www.folk.ee ', 'Эстония', NULL, '', ''),
(150, '2010-06-13', 'фестиваль «Пустые холмы»', 'www.holmi.ru ', 'Калужская область', NULL, 'вход свободный!', 'Выступаем в 21.00 на главной площадке фестиваля.'),
(151, '2010-06-05', 'ежегодный фолк фестиваль «Дикая Мята»', '', 'Москва, м. Тёплый стан, парк Тропарёво', '15:00:00', 'вход свободный!', 'Также выступают: Reelroadъ, TESTO, ХЕЛАВИСА, Анна Пингина, ЕРОФЕИЧ elektric band.'),
(152, '2010-05-23', '', '', 'СПб,  клуб «Танцы», ул. Гороховая, 49, во дворе', '20:00:00', '250 рублей', ''),
(153, '2010-05-22', '', '', 'Москва, клуб «ArteFAQ», Большая Дмитровка, д. 32, стр.1', '21:00:00', '250 рублей', ''),
(154, '2010-05-21', '', '', 'Москва, клуб «Живой уголок», Серпуховской вал, д.17, корп.1, вход со двора', '20:00:00', '250 рублей', ''),
(155, '2010-03-20', 'XI фолк фестиваль «День Святого Патрика в Санкт-Петербурге»', 'www.patrickfestival.ru ', 'СПб, «Главклуб», Кременчугская 2', '17:00:00', '350-500 рублей', 'Участники: Monster Ceilidh Band (Англия), Los Templos (Москва), Reelroadъ, The Dartz, Old Horned Sheep, Sunrise, Session on stage, Отава ё.'),
(156, '2010-02-28', 'концерт в новом клубе FABRIQUE NOUVELLE', '', 'СПб, большой зал клуба «Fish Fabric», Лиговский пр. 53, во дворе', '20:00:00', '200-250 рублей', 'Празднуем последний день зимы! '),
(157, '2009-12-20', ' Наш мастер-класс по танцам', '', 'СПб, клуб «Танцы»,  Гороховая, 49, во дворе', '14:00:00', '150 рублей', ''),
(158, '2009-11-22', '', '', 'Москва, клуб «Проект ОГИ», Потаповский пер., 8/12, строение 2 ', '22:00:00', '200 рублей', ''),
(159, '2009-11-21', '', '', 'Москва, кафе-клуб «Марсель», Краснопролетарская ул., 16 стр 1 ст. м. Новослободская', '21:00:00', 'вход свободный!', ''),
(160, '2009-11-20', '', '', 'Москва, клуб «Bilingua», Кривоколенный переулок, 10, строение 5', '22:00:00', '250 рублей', ''),
(161, '2009-11-14', ' Музыкально-театрализованный проект «Сожжём мосты»', 'http://www.bileter.ru/poster.phtml?JS=46cf2935bb3d67c50da01bbb85be4d35&myactex=112040&lang=2 ', 'СПб, Театральный центр на Коломенской', NULL, '', 'Кроме нас участвует джаз-бэнд А.Каннуникова.'),
(162, '2009-11-08', 'Совместный концерт с группой Musica Radicum и норвежским проектом ORIGAMI GALAKTICA', '', '', '21:00:00', '200 рублей', 'Мы выступаем в 23.00.'),
(163, '2009-11-01', 'Концерт в новом клубе «Танцы»!', '', 'СПб, клуб «Танцы»,  Гороховая, 49, во дворе', NULL, '200-250 рублей', ''),
(164, '2009-10-16', ' Театральный фестиваль во дворе музея Ахматовой', 'http://vkontakte.ru/event12047027', 'СПб, двор музея Ахматовой, Литейный 53', '20:00:00', '150 рублей', 'Наше выступление начнётся в 22.00.'),
(165, '2009-10-04', 'Большой сольный концерт', 'http://vkontakte.ru/events.php?act=s&gid=11642653', 'СПб, клуб «Filin Good», Литейный 64/78, угол Невского пр., во дворе ', '20:00:00', '200 рублей', ''),
(166, '2009-09-25', 'Театральный open-air — «СВОБОДА СЛОВА»', 'http://www.akhmatova.spb.ru/upload/press/press_N86_ru.html', 'СПб, парк музея Ахматовой, Литейный 53', '18:00:00', '150-350 рублей', '«Что-то вроде праздника литературы» Театрализованная видео-инсталляции в саду Фонтанного Дома. Мы закрываем фестиваль своим выступлением в 21.00. '),
(167, '2009-09-26', 'World music festival «Этномеханика»', 'http://www.kuryokhin.ru/EMF2009/index.htm', 'СПб, Центр Современного Искусства, Средний пр. В. О. 93', NULL, '', 'Так же выступают Троiца, Мари Бойн, Jouhiorkesteri , ДахаБраха и другие. Время нашего выступления уточняется.'),
(168, '2009-08-20', '', '', 'СПб, клуб «МОД»', '21:30:00', '', ''),
(169, '2009-08-16', 'Сольный концерт', '', 'Москва, клуб «Bilingua», Кривоколенный пер. дом 10 стр. 5; Метро: Тургеневская, Лубянка', '20:00:00', '200 рублей', ''),
(170, '2009-08-15', 'Фестиваль дикорастущей музыки «Дикая мята»', 'http://www.mintmusic.ru/', 'Москва, парк Тропарёво, ул. Академика Виноградова, метро: Коньково, Теплый Стан', NULL, 'вход свободный!', ''),
(171, '2009-07-25', 'Ежегодный фестиваль «Рыцарский Замок»', '', 'В этом году место проведения переносится из самого замка на близлежащюю территорию — флеши', NULL, '', 'Выступаем вечером в паре с Reelroadъ и рядом других групп.\r\n'),
(172, '2009-07-04', ' Фестиваль «Русская крепость»', 'http://www.korela.aesbi.ru/', 'Приозерск - крепость «Корела»', NULL, '', 'Играем в 18.00.'),
(173, '2009-06-06', '', '', ' СПб, ресторан «Наbeerежная», Аптекарская наб., 20', '22:00:00', 'вход свободный!', ''),
(174, '2009-05-31', 'Ollin Kan World Music Festival', '', 'Mexico city, Conciertodromo Ollin Kan', '16:00:00', '', ''),
(175, '2009-05-30', 'Ollin Kan World Music Festival', '', 'Mexico city, Multiforo Ollin Kan', '19:00:00', '', ''),
(176, '2009-05-28', 'Ollin Kan World Music Festival', '', 'Mexico city, venue: Delegacion Cauuhtemoc', '19:00:00', '', ''),
(177, '2009-05-24', '', '', 'Москва, клуб «Китайский лётчик Джао Да», Лубянский проезд, дом 25', '21:00:00', '300 рублей', 'Презентация нового альбома для тех кто вернулся с дачи. '),
(178, '2009-05-23', 'Презентация нового альбома', '', 'Москва, клуб «Вермель», Раушская наб. д. 4', '21:00:00', '300 рублей', ''),
(179, '2009-05-22', '', '', 'Белгород, «Hamilton’s pub», ул. Мичурина, 79', '21:00:00', 'вход свободный!', ''),
(180, '2009-05-16', 'Презентация нового альбома в Санкт-Петербурге!', '', 'СПб, клуб «Революция», Садовая 28', '20:00:00', '250-300 рублей', ''),
(181, '2009-05-02', 'Презентация нового альбома в Риге! ', '', 'Латвия, Рига, бар «Ленинград», Старая Рига, Kalеju 54', '21:00:00', '', ''),
(182, '2009-05-01', 'Презентация нового альбома!', '', 'Латвия, Лиепая, клуб «Fontain», Dzirnavu iela 4', '21:00:00', '', ''),
(183, '2009-04-20', 'Презентация новой программы в Москве!', '', 'Москва, клуб «Жесть», Б. Лубянка 13/16', '19:00:00', '300 рублей', ''),
(184, '2009-03-14', 'X ежегодный международный фолк фестиваль «День Святого Патрика»', ' http://patrickfestival.ru/', 'СПб, клуб «ГлавClub», Кременчугская 2, м. Площадь Восстания', '20:00:00', 'от 400 рублей уже в продаже.', 'Участвуют: Paddy Keenan (Ирландия), Reelroadъ, GurtYoGurt (Киев), Зелёные рукава, Old Horned Sheep, Welladay, Отава ё, Celtic City Experience, Junky Sailors, а также лучшие танцевальные школы Санкт-Петербурга.'),
(185, '2009-02-27', 'Презентация нового альбома группы «Тролль Гнёт Ель»', '', 'СПб, СКК, м. Парк Победы', NULL, '', 'Играем на презентации нового альбома группы «Тролль Гнёт Ель».'),
(186, '2009-01-17', 'Большой сольный концерт', '', 'СПб, клуб «Революция», ул. Садовая, 28', '20:00:00', '200-250 рублей', 'Играем свой максимальный the best.'),
(187, '2009-01-10', 'Концерт в последний день новогодних праздников', '', 'СПб, клуб «МОД»,  Конюшенная площадь, д. 2', '22:00:00', '', ''),
(188, '2008-10-24', ' Ночной концерт', '', 'СПб, клуб «МОД»,  Конюшенная площадь, 2', '01:00:00', '', 'Начало в 1 час ночи! '),
(189, '2008-08-08', 'Концерт испанской группы «ESNE BELTZA»', 'http://www.myspace.com/esnebeltza', 'СПб, клуб «МОД»,  Конюшенная площадь, 2', '22:00:00', '300 рублей', 'Играем на разогреве у отличной испанской команды ESNE BELTZA. Группа в Питере сыграет только один концерт. Играют они баскский фолк, рекомендую!'),
(190, '2008-06-28', ' Ежегодный open-air — фолк фестиваль «Midsummer»', ' http://midsummer.ru/', 'Выборг, парк  Монрепо', NULL, '350-400 рублей', 'Вместе с группами Reelroadъ, Musica Radicum, Osimira, Drolls, Ad libitum, White Owl и другими.'),
(192, '2008-05-24', 'Средневековый фестиваль «Майское дерево»', '', 'Приозерск, крепость Корела', '23:00:00', '350-1000 рублей', 'Так же участвуют группы: Drolls, Anima Helicis, Celtic City Experience. Желателен средневековый костюм.'),
(193, '2008-03-15', 'IX ежегодный фолк фестиваль «День Святого Патрика»', 'www.patrick.spb.ru', 'СПб, Клуб «Порт», Переулок Антоненко, 2', '19:00:00', '350-1000 рублей', 'До утра. Участвуют группы: Reelroadъ, Отава ё, Old Horned Sheep, Сказы Леса, Тролль гнёт ель, Session on stage, Celtic City Experience, Волынки и барабаны Санкт-Петербурга, специальные гости - Auli (Латвия).'),
(195, '2008-01-31', '', '', 'СПб, клуб «МОД»,  Конюшенная площадь, д. 2', '22:00:00', 'вход свободный!', ''),
(196, '2007-10-06', 'Ночной концерт', 'http://www.proektogi.ru/map.html ', 'Москва, клуб «Проект ОГИ», Потаповский пер., 8/12, строение 2, м. Чистые пруды, м.  Китай-город, вход со двора,  тел.: 627 53 66, 710 61 74 ', '00:00:00', '200 рублей', 'Начало в полночь! Схема проезда по ссылке.'),
(197, '2007-10-06', 'Акустический концерт-мастер-класс по танцам', '', 'Москва, школа по адресу: ул. Миклухо-Маклая, 20-А', '18:30:00', '', ''),
(198, '2007-10-07', '', '', 'Москва, клуб «Высоцкий», Нижний Таганский тупик 3', '20:00:00', ' 250 р. - на входе, 200 р. - с флаером', ''),
(199, '2007-09-27', 'Сольный концерт в ставшем культовым месте', '', 'СПб, клуб «МОД»,  Конюшенная площадь, 2', '22:00:00', 'вход свободный!', ''),
(200, '2007-09-13', ' Большой сольный концерт', '', 'СПб, клуб «The Place»,  ул. Маршала Говорова, 47', '19:00:00', ' 200 рублей для танцевальных школ по id-картам и по флаерам, 250 рублей для всех остальных', 'За лето мы сделали несколько новых песен и мелодий, так что будет кое-что новенькое! '),
(201, '2007-01-07', 'Средневековый фестиваль', '', 'Сосновый Бор', '14:00:00', '', 'Выступаем на средневековом фестивале, организованном судя по всему местным клубом любителей средневековой музыки. '),
(202, '2007-06-16', 'День города Сочи', '', '', NULL, '', 'Выступаем вечером, на открытой сцене. Сочинцы — следите за рекламой!!! '),
(203, '2007-06-20', ' Участвуем в спектакле "Энкрусихада" (Перекрёсток)', '', 'СПб, Большой Театр Кукол (БТК), ул. Некрасова, 10', '20:00:00', '200 рублей, в кассах города', 'Мы озвучиваем (живьём) 3 сцены в спектакле, который целиком посвящён Галисии и Андалусии. '),
(204, '2007-05-26', 'Средневековый фестиваль «Майское Дерево» в Выборгском замке', '', 'Выборг,  Выборгский замок', NULL, '', 'Выступаем в 23.00 Кроме нас учавствуют: Кэп и Ко, Slua Si, Тролль гнёт ель и другие. Весь день ярмарка мастеров, показательные выступления танцевальных школ, бои. Красийвешее место, народная музыка в стенах замка звучит особенно, это факт! '),
(205, '2007-05-19', 'Средневековый фестиваль «Майское дерево» в Приозерске', 'http://pkc-rks.com', 'Приозерск - крепость «Корела»', '22:00:00', ' в предварительной продаже - 250 руб, на входе 300 рублей.', 'Учавствуют также: Celtic City Experience и Аnima Helicis.  Время нашего выступления пока уточняется.'),
(206, '2007-04-21', 'Большой танцевальный концерт в новом клубе «Place»', ' http://www.ljplus.ru/img3/r/e/reelroad/shema.jpg', 'СПб, клуб «The Place»,  ул. Маршала Говорова, 47', NULL, 'на входе 250 р., по флаерам и ученикам танцевальных школ - 200 р.', ' По словам побывавших в клубе - это очень хорошее место. С качественным звуком и недорогим баром. Мы сыграем максимально большое количество танцевальных мелодий, в том числе которые мы обычно не играем на своих концертах. В рамках выступления пройдёт небольшой мастер-класс по народным танцам. Карта по ссылке.'),
(207, '2007-03-30', '', '', 'СПб,  клуб/ биллиардная «Карамболь», Московский 10/12', '21:00:00', '250 рублей', 'Новое не очень большое место, но приятное во всех отношениях. В счет билета бесплатное пиво — столько, сколько выпьешь.\n'),
(208, '2007-03-17', 'VIII международный ежегодный фолк фестиваль «День Святого Патрика»', 'www.patrick.spb.ru', 'СПб, клуб «Порт», переулок Антоненко, 2', '19:00:00', 'от 300 рублей', 'На всю ночь. Учавствуют группы: Ilgi (Латвия), Reelroadъ, Лео Севец и группа Kalakukko (Петрозаводск), The Dartz, Кеп и Ко, Отава ё, Session on Stage, Celtic City Experience. А также танцевальные школы: HDDS Triskal, Mirkwwod, Drink''n''Step, Shamrock.'),
(209, '2007-03-03', 'Фестиваль в честь 5ти-летия портала www.elf.org.ru', ' http://elf.org.ru/index.php?i=out&cat=news&cont=0702142000', '', '19:20:00', '', 'Выступаем первыми.'),
(210, '2007-03-03', '', 'http://turecky-pianist.livejournal.com/41666.html?mode=reply', '', NULL, '250 рублей', 'Пиво бесплатно... Даже не понятно - хорошо ли это или плохо? '),
(211, '2007-02-28', 'необычный концерт в необычном месте', '', 'СПб, ЛИИЖТ', '14:00:00', 'вход свободный!', ' С 14.00 до 15.00.'),
(212, '2007-02-17', 'Незапланированный концерт в ГЭЗ-21', '', 'СПб, ГЭЗ-21, Лиговский, 53, музейный флигель, 3 этаж', '21:00:00', '200 рублей', ''),
(213, '2007-02-08', 'Большой концерт совместно с группой «Кеп и Ко»', '', 'СПб,  Клуб «Орландина», наб Карповки 5/2', '19:00:00', 'от 200 рублей', 'Специальные гости: танцевальная школа Трискаль.'),
(214, '2006-12-27', 'Фестиваль «Новогодние праздники в стиле Этно»', ' http://spb.ethnolife.ru/', '', NULL, 'в театральных кассах (недорого)', 'Фестиваль, проводимый командой Этнолайфа, со всеми вытекающими последствиями (эзотерические мастер-классы, восточная кухня и т.д.). Играем на большой сцене, между 19 и 20.00.'),
(215, '2006-10-28', 'Самайн', '', 'СПб, Клуб «Порт», Переулок Антоненко, 2', '19:00:00', '300-350 рублей', 'Большой фолк-рок фестиваль посвящённый кельтскому празднику Самайн. Вместе с группами: Cruachan (Ирландия) и Reelroadъ (СПб), танцевальная школа Humpty-Dumpty Dance School и Mirkwood.'),
(216, '2006-10-15', 'День рождения Петра Сергеeва', '', 'СПб, клуб  «Цоколь», 3-я Советская улица, дом 2/3', NULL, '200 рублей', 'Празднуем день рождения нашего перкуссиониста Петра Сергеeва в новом клубе.  Клуб «Цоколь» открыт людьми из клуба «Молоко». Пётр участвовал в огромном количестве музыкальных проектов, так что в нашем концерте могут принять участие музыканты из многих известных фолк групп Санкт-Петербурга. '),
(217, '2006-10-13', 'Презентация альбома «Под аптекой» в Москве', '', 'Москва, клуб «Вереск», Старый арбат, 22', '20:00:00', '250 рублей', ''),
(218, '2006-10-07', 'Мастер-класс по деревенским танцам', '', 'СПб, клуб «Платформа», Некрасова, 40', '14:00:00', '100 рублей', 'С 14.00 до 17.00.'),
(219, '2006-09-14', 'Клубная презентация нашего нового альбома "Под Аптекой»', '', 'СПб, клуб «Платформа»,  Некрасова, 40', '20:00:00', ' 200 рублей, с флаером - 150 рубей', ''),
(220, '2006-09-23', 'Презентация альбома «Под Аптекой» в городе Архангельск', '', 'Архангельск, клуб «Колесо», ул. Гайдара 4/1', '18:00:00', '250 рублей', ''),
(221, '2006-05-24', 'Концерт в новом Хеседе', '', 'СПб, Большая Разночинная 25а, 5 минут от Чкаловской', '19:00:00', 'на входе 200 рублей', 'Отличный новый зал, с хорошим полом, много места для танцев. Играем одно отделение.'),
(222, '2006-05-20', 'концерт на «Майском дереве» у Рыцарей круглого стола в Приозерске', '', 'Приозерск, крепость «Корела»', '22:00:00', '', 'В ночь с 20го на 21ое Мая вместе с группами Irish Ёрш, Anima Helicis, Musica Radicum. Вход в костюмах, аппелирующих к средневековой эстетике.\r\n'),
(223, '2006-04-29', 'Совместное выступление с танцевальной школой «Triskal»', '', 'СПб, ирландский бар «Дублин»', '20:00:00', 'вход свободный!', 'Так получилось, что вот уже как несколько месяцев мы выступаем в этом баре вместе с танцорами. Обычно мы не даём анонсов наших выступлений в барах, так есть своя специфика в них, но в последнее время обстановка в баре стала очень приятная, поэтому мы всех туда приглашаем. '),
(224, '2006-03-17', 'VII ежегодный международный фолк фестиваль «День Святого Патрика в Санкт-Петербурге»', 'http://patrick.spb.ru/', 'СПб, Клуб «Порт», Переулок Антоненко, 2', NULL, '300-350 рублей. Он-лайн заказ билетов на http://www.bileter.ru/', 'Участвуют: Si Mhor, Reelroadъ, The Dartz, Nord Folks, Mervent, Отава ё, Musica Radicum, Кеп и Ко, Greg Dolan & the Inmates band, Celtic City Experience, а также школы ирландского танца - HDDS, Triskal, Shamrock, Ceili Club. На сайте работает форум. '),
(225, '2006-03-15', ' выступление на канале СТО', '', ' Прямой Эфир', '22:00:00', '', '');


--
-- Дамп данных таблицы `video`
--

INSERT INTO `video` (`id`, `player_code`, `desc`) VALUES
(1, '<object height="385" width="480"><param value="http://www.youtube.com/v/ps9RqYpdkX0?fs=1&amp;hl=en_US" name="movie"><param value="true" name="allowFullScreen"><param value="always" name="allowscriptaccess"><embed height="385" width="480" allowfullscreen="true" allowscriptaccess="always" type="application/x-shockwave-flash" src="http://www.youtube.com/v/ps9RqYpdkX0?fs=1&amp;hl=en_US" quality="low"><param name="quality" value="low"></object>', 'Эфир на канале СТО, 24го Сентября 2009 года. Авторская мелодия А. Белкина, слова народные'),
(2, '<object height="385" width="640"><param value="http://www.youtube.com/v/Ui2oKFXPHxI?fs=1&amp;hl=en_US" name="movie"><param value="true" name="allowFullScreen"><param value="always" name="allowscriptaccess"><embed height="385" width="640" allowfullscreen="true" allowscriptaccess="always" type="application/x-shockwave-flash" src="http://www.youtube.com/v/Ui2oKFXPHxI?fs=1&amp;hl=en_US" quality="low"><param name="quality" value="low"></object>', 'Мы сняли клип на песню "про диму и петю"!'),
(3, '<iframe height="390" frameborder="0" width="480" allowfullscreen="" src="http://www.youtube.com/embed/1A4zZmHCv8k" title="YouTube video player"></iframe>', '"Кадриль", видео с концерта'),
(4, '<object height="360" width="640">\r\n<param value="http://www.youtube.com/v/YbBU06irWT8?version=3&amp;hl=en_US" name="movie">\r\n<param value="true" name="allowFullScreen">\r\n\r\n<param value="always" name="allowscriptaccess">\r\n<embed height="360" width="640" allowfullscreen="true" allowscriptaccess="always" type="application/x-shockwave-flash" src="http://www.youtube.com/v/YbBU06irWT8?version=3&amp;hl=en_US" quality="low"><param name="quality" value="low"></object>', 'Новый клип "про ивана groove"'),
(5, '<object height="360" width="640"><param value="http://www.youtube.com/v/eIa7ZfJUeGU?version=3&amp;hl=en_US" name="movie">\r\n\r\n<param value="true" name="allowFullScreen">\r\n\r\n<param value="always" name="allowscriptaccess">\r\n<embed height="360" width="640" allowfullscreen="true" allowscriptaccess="always" type="application/x-shockwave-flash" src="http://www.youtube.com/v/eIa7ZfJUeGU?version=3&amp;hl=en_US" quality="low"><param name="quality" value="low"></object>', 'Третий официальный видеоклип фолк-группы Отава Ё, песня на стихи Даниила Хармса. Снято в марте 2012 года во дворе музея Анны Ахматовой, в Санкт-Петербурге');

--
-- Дамп данных таблицы `news`
--

INSERT INTO `news` (`id`, `date_publish`, `title`, `content`) VALUES
(3, '2005-10-01', '', '<p>Спасибо всем кто пришел на концерт, нам было приятно для вас играть! Ждите продолжение в самое ближайшее время. Если кто-нибудь снимал на концерте, то мы с удовольствием разместим ваши фотографии у нас на страничке.</p><p>Присылайте по адресу: Санкт-Петербург, Свечной пер. 23. шутка, лучше сюда ohs@mail.ru.</p>'),
(4, '2005-10-07', '', '<p>Одна наша композиция вошла в диск трибьютов Андрею Петрову (культовый советский композитор). Это вальс из фильма &laquo;Берегись автомобиля&raquo;.</p><p>В данный момент мы готовимся к записи, которая начнется в ноябре. Материал готов. Вместе с нами в записи будут участвовать 2 сессионных музыканта. В альбом войдут как танцевальные кельтские мелодии, так и несколько кавер версий известных мелодий. Пока же мы отправляемся на гастроли в Уфу, где и проведем Самайн.</p>'),
(5, '2005-10-10', '', '<p>Суда не будет!</p><p>Таинственным образом дело заведенное на Диму пропало. точнее нам сказали, что его и не было :)</p><p>Так что пока уличные музыканты победили!</p>'),
(6, '2006-02-17', '', '<p>Мы давно нигде не выступали, записывали альбом, сведение которого в марте скорее всего будет закончено. На улицу тоже выходить не стремились из-за погодных условий. Будем надеяться, что в ближайшем будущем мы возобновим свои уличные выступления.</p><p>Пока же нас периодически можно будет видеть и слышать в новом ирландском баре O&#39;Briens на Светлановском проспекте 40.</p><p>В Марте мы планируем выступить на канале СТО, на фестивале День Святого Патрика в клубе Порт и кое-где еще, следите за обновлениями!!!</p>'),
(7, '2006-07-26', '', '<p>Случилось неизбежное &mdash; мы наконец-то выпустили свой первый альбом!</p><p>Сегодня забрали тираж с завода, диски были ещё тёплыми.</p><p>Со дня на день альбом можно будет приобрести либо у нас на концертах, либо в магазинах города.</p><p>На альбоме мы зафисксировали те композиции, которые мы исполняли на наших уличных выступлениях под аптекой на протяжении последних двух лет. Запись проводилась &laquo;в живую&raquo; на студии &laquo;Мелодия&raquo; и на студии &laquo;Часовщик&raquo;.</p><p>Если попытаться описать музыку, которую мы играем &mdash; то это фолк, трансформировавшийся в городских условиях в некую новую форму, поэтому у нас нет чётко определённого направления &mdash; здесь и европейская музыка, и русская, и авторская. Наличие шлягеров определено местом действия. Большая часть аранжировок была сделана непосредственно Под аптекой.</p>'),
(8, '2006-10-09', '', '<p>Главная новость, что после клубной презентации в &laquo;Платформе&raquo; мы решили так или иначе больше времени уделять клубным выступлениям, так что у вас теперь будет больше шансов слышать нас вживую и для этого не придётся караулить, когда же мы снова выйдем на улицу. Приятная поездка в Архангельск тоже сыграла свою роль в этом решении.</p><p>Хотим каким-нибудь образом пробить танцевальные вечера в университетах, так что если вы студент и вам было бы интересно, чтобы в вашем заведении стали проходить танцевальные вечера проявите активность! В проекте подобное мероприятие в одном из ВУЗов в октябре.</p><p>Первый тираж дисков закончился, второй тираж с улучшенным буклетом уже получен, спрашивайте в магазинах города.</p>'),
(9, '2006-10-16', '', '<p>Мы выпустили свои фирменные футболки <br><a target="_blank" href="http://www.ljplus.ru/img/r/e/reelroad/otavae_futbolka.jpg">http://www.ljplus.ru/img/r/e/reelroad/otavae_futbolka.jpg</a></p><p>Все желающие могут приобрести их В Санкт-Петербурге в Долине Бартанга (Крылова 7), В Москве в магазине клуба &quot;Вереск&quot; (Старый арбат, 22).</p><p>Либо заказать у нас, или купить на концерте.</p><p>Это ваш шанс приобщиться к букве &laquo;ё&raquo;!</p>'),
(10, '2006-12-02', '', '<p>Новостей пока особых нет, наступил период ёлок (корпоративные новые года), на которых мы активно задействованы, так что пока все силы брошены на это.</p><p>В январе продолжим традицию мастер-классов по танцам и займёмся новой программой. Единственный концерт до нового года мы сыграем в рамках Этнолайфа в ДК Троицкий 27 декабря, примерно в 19-20.00</p><p>Всех с наступающими праздниками!</p>'),
(11, '2007-01-12', '', '<p>Новогодние ёлки чуть не свели нас с ума, но всё прошло замечательно, практически без сучка, без задоринки. В новый год тоже играли, так что встретили его можно сказать на &laquo;работе&raquo; ((с) &laquo;До скольки работаешь&raquo;)<br />В ближайшее время сыграем в Шэнноне (сегодня 12го), проведём танцы в новом месте на Елизаровской 20го января - пр. Обуховской Обороны, д. 119-б &mdash; клуб &laquo;Восточный&raquo;. <a target="_blank" href="http://www.vostochny.boom.ru/adress.htm">http://www.vostochny.boom.ru/adress.htm</a> Начало в 19.00 Стоимость билетов 150 рублей.</p><p>Потусуемся вместе с Марисом и Илгой, которые приедут на ФСТ проводить мастер-класс по латышским танцам 3-4го Февраля.</p><p>8го февраля сыграем совместный концерт вместе с Кеповской группой в Орландине. Вместе с нами выступит танцевальная группа Трискаль, с которой у нас есть небольшая, но вполне качественная совместная программа.</p><p>Ну и в дополнение всего - впереди День Святого Патрика!</p><p>На улице мы всё-таки изредка показываемся, но в ближайшие полтора месяца врядли сможем, так как Дима едет с казаками в Европу на 1,5 месяца.</p>'),
(12, '2007-04-07', '', '<p>Сезон открыт!!! Всех поздравляю с этим.</p><p>Ждём всех на нашем концерте в новом хорошем клубе &laquo;The Place&raquo;&nbsp; 21го Апреля, подробности в концертах.</p><p>Кажется зима прошла, так что ждите нас сами знаете где!</p><p>Периодически будем играть и в клубах, но основной удар будет сделан на улице.</p>'),
(13, '2007-09-01', '', '<p>Новости такие &mdash; открываем клубный сезон концертом в клубе &laquo;Place&raquo; 13го сентября. Делаем потихоньку новую программу &mdash; несерьёзную и серьёзную одновременно. Задумываемся над записью нового альбома, материала уже хватает. В начале октября поедем покорять Москву.</p><p>Здесь можно также следить за текущими новостями <a target="_blank" href="http://reelroad.livejournal.com/">http://reelroad.livejournal.com/ </a></p>'),
(15, '2008-03-01', '', '<p>Давненько не писали мы новостей. Итак...</p><p>Из крупных акций с нашим участием - 9й ежегодный фолк фестиваль &quot;День святого Патрика&quot; в клубе &quot;Порт&quot; 15го марта.</p><p>Кроме нас участвуют:</p><ul><li>Auli (Латвия), Reelroadъ, Тролль Гнёт Ель, Old Horned Sheep, Сказы Леса, Session on Stage, Celtic City Experience, pipe-band &laquo;Волынки и барабаны Санкт-Петербурга&raquo;;</li><li>танцевальные коллективы: Humpty-dumpty dance school, Triskal, Mirkwood, Shamrock, SPb Ceili Club и другие</li></ul><p>Билеты уже в продаже в театральных кассах и музыкальных магазинах города, а также здесь: <a target="_blank" href="http://vkontakte.ru/events.php?act=s&amp;gid=1815347">http://vkontakte.ru/events.php?act=s&amp;gid=1815347</a>&nbsp; &mdash; по специальной цене!</p><p>Если вы ни разу не были на этом фестивале, то вас ждёт небольшой культурный шок, рекомендуем приобрести вам в этом случае билеты на VIP балкон, оттуда всё хорошо видно.</p><p>После фестиваля мы снова берём небольшой тайм-аут. 11го Апреля состоится наш концерт в клубе &quot;Революция&quot;, так же мы готовимся к записи нашего нового альбома.</p><p>Как только позволит погода &mdash; снова выйдем на улицу.</p><p>У нас появилась страничка &laquo;в контакте&raquo; <a target="_blank" href="http://vkontakte.ru/club662700">http://vkontakte.ru/club662700</a></p>'),
(16, '2008-05-30', '', '<p>А вы знаете, что мы начали запись второго альбома?! Да, процесс уже начался, записаны 4 песни. Сведение делается у наших латышских друзей на студии GEM в Риге. Новый альбом будет состоять в основном из песен, известных и неизвестных. При этом мы не уходим от самих себя &mdash; это всё те же мы, те же инструменты. Песни, которые мы поём в основном народные и широко известные, мы пытаемся им дать новую жизнь. Большинство этих песен мы уже исполняем на концертах, но будет и эксклюзивный материал!</p><p>Так что пока никаких глобальных концертых планов мы не строим, так как хотим целиком и полностью сосредоточиться на работе в студии. Концерт в МОДе будет пока единственным мероприятием, которые мы запланировали, все остальные выступления будут носить спонтанный, возможно даже непредсказуемый характер.</p>'),
(17, '2009-04-15', '', '<p>Ну вот и свершилось! Альбом записан и сведён, осталась совсем малость &mdash; мастернг. Сейчас мы в процессе выбора студии для мастеринга, но к концу следующей недели всё должно быть готово.</p><p>Так же скоро будет готово оформление диска после чего можно будет сдавать в печать! Вы не представляете себе как мы рады и довольны.<br />В связи с этим мы запланировали ряд мероприятий в нашем городе и не только. Презентация в Санкт-Петербурге состоится 16го мая в клубе &laquo;Революция&raquo;. С &laquo;Революцией&raquo; нас связывают самые тёплые отношения. Кроме всего прочего там действительно хороший звук, ну и месорасположение лучше не придумаешь. Неделей позже 22го Мая мы сыграем в Белгороде в пабе Hamilton&#39;s, а 22го и 23го Мая в Москве. Почему так нескоро? А потому, что в конце апреля мы планируем уехать на гастроли, пока не скажем куда, так как до сих пор не получили визы, но скорее всего это решится на днях.</p><p>Как вы поняли наш сайт переехал, но работает переадресация со старого адреса. Так что заходите, следите за новостями.</p><p>Со дня на день выложим кое-что послушать из новенького для затравки.</p><p>Альбом писался не быстро, но легко и очень весело. Первая сессия записи была 1го Июля 2008 года. На альбоме кроме нас самих играющих и поющих так же имеется парочка друзей. Фотосессия для альбома с обновлённой концепцией состоялась буквально неделю назад. Последствия этой фотосессии до сих пор видны у некоторых у нас на лицах. Как вы понимаете фотографом был снова Максим Дроздов, который сейчас как раз в Москве на награждении Ники.</p><p>Вот вроде бы и всё.</p><p>Следите за новостями!</p>'),
(18, '2009-05-17', '', '<p>Мы сыграли официальную презентацию нашего нового альбома в Санкт-Петербурге, теперь можно и по другим городам и странам поездить. В четверг 21го Мая мы отправляемся в небольшой тур по трём городам: Белгород, Москва, Мехико. 22го Мая мы сыграем большой сольный концерт в Белгороде в Hamilton&#39;s пабе, 23го в Московском &laquo;вермеле&raquo;, 24го в культовом &laquo;Китайском лётчике Джао Да&raquo;. После чего прямо из Москвы 25го Мая мы полетим через Атлантический океан в Мексику, где примем участие в 6ом ежегодном World Music фестивале &mdash; Ollin Kan. В 2008 году мы уже были в Мексике с Reelroadъ. В этом году организаторы пригласили Отаву ё, по конфеденциальной информации &mdash; им очень понравился наш новый альбом. Вообще мы должны были лететь на фестиваль 4го Мая, но как назло разгорелась эта подозрительная эпидемия свиного грипа и им пришлось отменить фестиваль, точнее перенести на неопределённое время. Для нас это было своего рода испытанием, особенно для Димы и Пети, которые стали в себе подозревать роковую везучесть на нелепые ситуации. В любом случае теперь у нас на одну историю про Диму и Петю больше. В Мексике мы сыграем 3 концерта в рамках фестиваля в период с 26го Мая по 1ое Июня, площадки уточняются. Если у вас есть знакомые, то пусть обязательно приходят. Вернёмся мы с гастролей 6го июня и сразу же сыграем концерт в ресторане &laquo;Набережная&raquo; на Аптекарской набережной, где будет бесплатный вход, кстати.</p><p>P.S. Наш новый альбом после этого тура вы сможете приобрести и в Москве и в Мексике.</p>'),
(19, '2009-06-16', '', '<p>Этим летом у нас дел не так много. Фестивали в нашем регионе, к сожалению, практически не появляются. Клубные концерты играть летом особого смысла нет. На улице играть нам пока запрещают, но мы планируем с этим побороться.</p><p>В любом случае кое-что о чём стоит сообщить у нас имеется &mdash; мы планируем сыграть на рыцарском фестивале 25го июля в Выборге, вечером. До этого в этот же день планируем по пути заехать в Репино, чтобы там сыграть на дне города. Впервые нас заранее попросили обязательно сыграть песню про козлика и кадриль. Слава идёт впереди нас.</p><p>После этого мы сделаем небольшие каникулы и соберёмся только 15го августа в Москве, чтобы сыграть там на ставшем уже ежегодном фестивале &laquo;Дикая мята&raquo;. Интересно, что вход на фестиваль бесплатный. Для тех же кто всё-таки предпочитает платить за удовольствие &mdash; на следующий день 16го Августа мы делаем клубный концерт в Билингве.</p><p>По приезду сыграем в питерском МОДе 20го августа. Такой вот нехитрый план. Есть мысли что-нибудь сделать на самайн, но это ещё далеко.<br />Новый альбом продаётся в Санкт-Петербурге в переехавшей &mdash; Долине Бартанга (пересечение ул. Достоевского и Кузнечного во дворе), а также в Москве — лоток - В2-136.</p><p>Покупайте диски, поддерживайте фолк музыку (это, кстати, не шутка).</p>'),
(20, '2009-07-28', '', '<p>Наконец-то дошли руки - теперь у вас есть абсолютно легальная возможность скачать новый альбом группы Отава ё и при желании заплатить за него! Здесь <a target="_blank" href="http://otavae.kroogi.ru/">http://otavae.kroogi.ru/</a>.</p><p>При скачивании вам будет предложено поддержать нас &mdash; любой суммой, какой вы только захотите.</p><p>В нынешних условиях, когда все привыкли скачивать музыку с интернета &mdash; мы делаем осознанный ход &mdash; скачивайте на здоровье, если понравилось можете поддержать нас, если не понравилось &mdash; можете не платить.</p><p>Диски при этом никто не отменял, мы всё также их продаём на своих концертах.</p><p>Ближайшие концерты в августе в Москве!</p>'),
(21, '2009-08-21', '', '<p>В нашем полку прибыло! Мы взяли басиста. Это решение зрело уже давно, но по разным обстоятельствам откладывалось. Так получилось, что летом наш гитарист Алексей Скосырев уезжал в отпуск и нам прилошось брать замену на время его отъезда. Заменой стали &mdash; Игорь Лисов на бузуки и Тимур Сигидин на басу. Нам так понравилось играть с басом, что мы предложили Тимуру стать нашим постоянным участником. Многие могли видеть Тимура в разных музыкальных проектах &mdash; Old Horned Sheep, Nervenclinik, Черёмуха, а так же во многих других. С бас гитарой звук наш утяжелился и &laquo;помяснел&raquo;, именно этого мы и хотели уже давно. Своё &laquo;боевое крещение&raquo; Тимур прошёл в прошлые выходные выступив вместе с нами на Москвоском фестивале &laquo;Дикая Мята&raquo; и в клубе Bilingua.</p><p>Мы наконец поняли в каком стиле мы играем &mdash; Russian Beat и русское готическое R-N-B.</p><p>В планах &mdash; новые песни и мелодии, осенние концерты.</p><p>Следите за анонсами!</p>'),
(22, '2009-09-16', '', '<p>Итак, осень у нас началась с репетиций. Есть мысли о кое-каких новых песнях.</p><p>В ближайшее время будет несколько концертов в которых мы примем участие. Ну во-первых мы сходим на канал СТО 24го сентября, куда нас пригласили в виду нашего участия в &laquo;Этномеханике&raquo; (26.09). Нам как раз нужно было хорошее видео и передача у Саши Малича &mdash; самое правильное для этого место! Интересно, что передача &laquo;100процентный звук&raquo; &mdash; единственная на сегодняшний день регулярная телепередача, где можно услышать вживую интересные группы, которые выступают в клубах и практически не известны большинству людей. Таким образом 24.09.09 в 23.05 смотрите нас на канале СТО, звоните и выигрывайте наш диск с автографами.</p><p>25го сентября мы сыграем на театральном фестивале &mdash; посвящённом творчеству поэтов и писателей, некоторые произведения которых во времена СССР были практически запрещены &mdash; Зощенко, Хармс, Мандельштам, Хлебников и другие. Времена прошли &mdash; теперь их заслуги оценены по достоинству. Мы внесём свой скромный вклад фестиваль &mdash; сыграв на закрытии песни юности наших родителей.</p><p>26го сентября мы выступим на &laquo;Этномеханике II&raquo;. Этнический фестиваль проводимый командой фестиваля СКИФ, но с этническим направлением. Практически все группы выступающие на фестивале действительно заслуживают внимания. Так 25го в рамках фестиваля выступят наши хорошие знакомые группа Троiца, а 26го группа ДахаБраха стремительно набирающая известность в Питере и Москве. На фестивале мы выступим на сцене в Фойе с часовым сетом примерно в 22.00.</p><p>Ну а для тех кому не хватит &mdash; 4го октября мы сыграем большой сольный концерт в новом клубе Filin Good (Литейный 64/78). Приятное место, очень в стиле европейских небольших клубов с правильной атмосферой.</p>'),
(23, '2009-11-02', '', '<p>Мы едем в Москву! С 20го по 22ое ноября включительно. Где и когда смотрите в разделе концерты. 8го ноября сыграем в МОДе вместе с Музыкой радикум и одним эмбиент проектом из Норвегии. 14го Ноября примем участие в театрально-мзыкальном мероприятии в Театре на Коломенской. Периодически агентства нас приглашают на корпоративные вечеринки. В этот раз одно из таких дружественных нам агентств решило устроить необычное мероприятие для всех желающих, где воедино будут сведены казалось бы совсем разные вещи &mdash; джаз А. Канунникова, угар Отавы ё и театральные изыски профессиональных актёров. Результат пока сложно предугадать, но это точно будет необычно, мы сами пока не знаем что именно мы там делаем :) Так что самим интересно увидеть, что из всего этого может получиться.</p>'),
(24, '2009-11-25', '', '<p>Ну вот &mdash; все концерты публичные отыграны, наступает период ёлок. Сыграем 12го декабря в Набережной, где представим новую песню сделанную специально для солёных балтийских морячков. Вход, кстати, свободный.</p><p>20го декабря сыграем на наших танцах &mdash; дневной мастер-класс в клубе &laquo;Танцы&raquo;, начало в 14.00.</p><p>После этого, скорее всего публичных выступлений до середины января не будет. Делаем новую программу.</p>'),
(25, '2010-02-16', '', '<p>Новости... Да нет особых новостей. Кроме разве того, что за зиму мы кое-что сделали новенькое, даже мыслишки про новый альбом появились. Есть идеи пары клипов, но пока нет времени и денег на их реализацию.</p><p>28го февраля отпразднуем последний день зимы в новом большом зале клуба Fish Fabric. А 20го марта сыграем на 11ом фестивале &laquo;День Святого Патрика в Санкт-Петербурге&raquo; в Главклубе, в очень, кстати, хорошей компании &mdash; <a target="_blank" href="http://www.patrickfestival.ru">www.patrickfestival.ru</a>.</p><p>Вовсю участвуем в танцевальных мастер-классах, проводимых в клубе &laquo;Танцы&raquo;.</p><p>Есть кое-какие планы на лето &mdash; возможно примем участие в парочке европейских фестивалей. Съездим в Москву по весне, нас давно зовут.</p>'),
(26, '2010-04-04', '', '<p>Мы неторопясь репетируем и делаем новые песни. Появились интересные идеи. Медленно, но верно формируются летние планы, это радует. В Питере пока публичных концертов не планируется, но в Москву уже поездка запланирована. Очень хочется пробить разрешение на игру на улице &mdash; на Невском проспекте. Если у вас есть идеи как это сделать официально &mdash; дайте нам знать!</p>'),
(27, '2010-04-29', '', '<p>Мы разъезжаемся на майские праздники в отпуск. Вернувшись съездим на 2 клубных концерта в Москву, а по возвращения сразу же выступим в Питерском клубе &laquo;Танцы&raquo; с сольным концертом (мы готовим кое-что новенькое).</p><p>После этого примем участие в отличном Московском фолк фестивале &laquo;Дикая Мята&raquo;. Сейчас это, наверное, единственный фолк фестиваль,<br />который может себе позволить сделать бесплатный вход для посетителей, но при этом не экономя на артистах. В этом году подобралась хорошая компания:<a target="_blank" href="http://www.mintmusic.ru"> www.mintmusic.ru</a> (Reelroadъ, кстати, там тоже выступает). 5го июня будем надеяться погода не подведёт.</p><p>Уже есть планы на июль и август, но о них позже. Если всё срастётся выйдем поиграть на улицу в середине мая.</p>'),
(28, '2010-06-06', '', '<p>Лето!!! Фестивали!</p><p>Сыграли на отличном фестивале &laquo;Дикая Мята&raquo;! Было просто отлично! Похоже на сегодняшний день это лучший российский фолк фестиваль. Море впечатлений!</p><p>Впереди &laquo;Пустые холмы&raquo; и ряд Европейских поездок. Наконец-то лето!!!</p>'),
(29, '2010-07-31', '', '<p>Вернулись из небольшого тура в Эстонию и Польшу, по пути сделав остановку в Калиниграде. Прекрасный эстонский фестиваль Viljandi folk music festival! Мы были очень приятно удивлены &mdash; и публикой, и организацией, и новым рекордом в продаже дисков :)</p><p>Интересено, что после второго концерта к нам пришёл президент Эстонии пожать руки и сфотографироваться!</p><p><a target="_blank" href="http://www.estonianfreepress.com/wp-content/uploads/2010/07/Otava-Yo-from-St.-Petersbourg-with-the-Estonian-president-Toomas-Hendrik-Ilves.-Photo-by-Jeroen-Moes.1.jpg">http://www.estonianfreepress.com/wp-content/uploads/2010/07/Otava-Yo-from-St.-Petersbourg-with-the-Estonian-president-Toomas-Hendrik-Ilves.-Photo-by-Jeroen-Moes.1.jpg</a></p><p>Приятно после этого было прочитать рецензнии на наши выступления на фестивале: &laquo;Otava Yo is an authentic example of what will happen if a classical Russian Ivan gets into groove&raquo;, &laquo;Otava Yo is our Russian miracle this year&raquo;...</p><p>Короче говоря, медленно но верно процеcс пошёл.</p><p>В четверг 5го Августа уезжаем на продолжение &mdash; Латвия, Франция. В Латвии мы сыграем на большом фестивале Laba Daba и несколько клубных концертов. Во Франции примем участие в большом фестивале, один из участников которого группа Milladoiro.</p>'),
(30, '2010-08-20', '', '<p>Лето заканчивается. Для нас всё сложилось весьма благоприятно &mdash; во-первых мы пропустили всю убийственную жару &mdash; сначала отсидевшись в Эстонии и Польше, где погода была просто хорошей, а потом укатив в Латвию и Францию, где большую часть вермени провели на природе. Во-вторых гастроли наши удались во всех смыслах. Посещаемость <a target="_blank" href="http://myspace.com/otavae">myspace.com/otavae</a> возрасла в разы, youtube.com украсился ещё несколькими роликами с нашим участием, а также мы распродали тираж дисков установив свой собственный рекорд по продажам, пришлось даже допечатать специально для Латвии и Франции. Russian beat оказался вполне международной музыкой и языковой барьер никаким образом себя не проявил.</p><p>После такой поездки много планов и заделов на будущее, так что потихоньку начнём их реализацию. Ну а чтобы наши слушатели из Питера и Москвы не чувствовали себя обделёнными мы сыграем сольные концерты в Московском клубе &mdash; M-Club &mdash; 4го сентября и в Петербургском Главбаре 15го сентября (подробности в афише).</p>'),
(31, '2010-10-20', '', '<p>Наша главная новость &mdash; наш первый официальный видео клип.</p><p>Нам уже давно хотелось каким-нибудь образом визуализировать свою музыку. Частично нам это удалось засчёт костюмирования и небольших элементов шоу во время выступлений.</p><p>Но, кроме этого, нам всегда было интересно видео. Ведь именно на видео есть возможность воплотить идеи, которые вживую повторить не реально. Таким образом идея создания клипа витала в воздухе.</p><p>Компьютерный монтаж на обычном компьюетре даёт огромные возможности, так что съяёмка клипа сейчас по большому счёту очень незатратное предприятие. Главное это идея. Всё мы снимали сами на обычную видеокамеру, монтаж сделал наш друг виджей Всеволод Алёхин.</p><p>Летом во время гастролей у нас выдалось 3 свободных дня в одном небольшом городке, которые мы потратили на съёмки. Снят был материал сразу на два клипа. Когда мы начали снимать как-таковой идеи не было, так набор шуток, но через какое-то время (уже в процессе съёмок) родился сценарий и сама история.</p><p>14го ноября мы всех приглашаем на концерт-презентацию нашего клипа, где покажем его общественности в первый раз. После этого, конечно же, клип будет вывешен на нашем сайте и на youtube.com</p><p>Но, как вы понимаете &mdash; это ещё не повод для того, чтобы пропускать концерт.</p><p>Не думаю, что мы перевернём мировую индустрию производства клипов, но дело однозначно того стоило.</p>'),
(32, '2010-11-16', '', '<p>Ну вот клип готов! Смотрите и комментируйте!</p><p><a target="_blank" href="http://www.youtube.com/watch?v=Ui2oKFXPHxI&amp;feature">http://www.youtube.com/watch?v=Ui2oKFXPHxI&amp;feature </a></p>'),
(33, '2011-02-22', '', '<p>Главная новость &mdash; у нас появился рождественский спектакль и в связи с ним программа рождественских песен. Сами мы вряд ли бы на это решились, но благодаря стечению определённых обстоятельств ЭТО всё же произошло. Спектакль небольшой, минут на 30. Вместе с театром &laquo;Странствующие куклы господина Пэжо&raquo;. Пока был всего один закрытый показ. К сожалению, в виду того, что рождество уже прошло мы, скорее всего, показывать его не будем до следующего рождества, во всяком случае пока такой план (сами понимаете удержаться очень сложно).</p><p>Планы. Мы готовимся к Масленице. В планах поездка в Москву &mdash; 4го и 5го марта, а также концерт на масленичной неделе в Санкт-Петербурге. Так же мы готовимся в Дню Святого Патрика. 17го марта мы встретим его в Калининграде в клубе &laquo;Кури Бамбук&raquo;, а 19го марта выступим на XIIом ежегодном фолк фестивале &laquo;День Святого Патрика&raquo; в Санкт-Петербургском клубе &laquo;Космонавт&raquo; в компании отличных групп! <a target="_blank" href="http://www.patrickfestival.ru">www.patrickfestival.ru</a></p>'),
(34, '2011-06-02', '', '<p>В разделе &laquo;концерты&raquo; выложен наш августовский гастрольный график. Тур намечается быть насыщенным и это хорошо. Мы любим ездить на гастроли, поэтому ждём поездки с нетерпением. Как уже стало традицией &mdash; тур мы начнём в Латвии, где сыграем 4 концерта, один из которых на замечательном фестивале Laba Daba. Если вы вдруг будете 5-6го августа в тех краях, то обязательно посетите фестиваль, это того стоит, либо рекомендуйте пойти туда своим друзъям.</p><p>Перед отъездом мы выступим в Петербургском клубе &laquo;МОД&raquo; 28го июля, где, как уже обещали, познакомим общественность с нашей новой скрипачкой.</p>'),
(35, '2011-09-02', '', '<p>Группа вернулась из тура. Всё началось в Латвии 2го августа и там же закончилось 30го. За 29 дней мы сыграли 20 концертов на различных площадках Европы. Были и действительно большие фестивали, и маленькие камерные выступления в клубах. Всю дорогу мы ездили на своём микроавтобусе большой весёлой компанией. В этот раз кроме Латвии мы посетили Польшу, Словакию, Германию и Австрию. Кроме концертов и отдыха мы готовились к записи, которую продолжим уже на этой неделе. Были и ещё кое-какие дела, которыми мы занимались в пути, но об этом позже.</p><p>В самом ближайшем будущем выложим фотоотчёт о поездке.</p><p>Ближайшие концерты &mdash; 10го сентября &mdash; Москва &mdash; последний open-air сезона Folkday, 17го сентября &mdash; Folk-картошка (Урожай) в Приютино.</p><p>Следите за обновлениями.</p>'),
(36, '2011-09-27', '', '<p>Давненько мы не были на ТВ, оно правда и понятно &mdash; передачу на канале СТО с живым звуком закрыли в виду её полной коммерческой невыгодности, так что теперь группам хорошее видео надо делать самим. Ролики с нашего последнего визита на канал СТО сослужили нам очень хорошую службу и долгое время были нашей визитной краточкой, но время идёт, люди меняются, музыка тоже и появилась необходимость зафиксировать нас сегодняшних. Вот этим мы и хотим заняться на нашем ближайшем концерте в клубе &laquo;МОД&raquo;, 2го октября. Мы будем снимать наш концерт на несколько камер, после чего всё это будет смонтировано. Если получится очень хорошо, то издадим, если не достаточно, то просто выложим в интернет. В любом случае &mdash; для удачного исхода нужна публика, так что всех приглашаем поучаствовать в нашей записи, так сказать войти в историю, как минимум нашей группы.</p><p>Начало ровно в 20.00. Весь сбор от концерта пойдёт на затраты по организации видео записи, дело это хлопотное, но того стоит!</p>'),
(37, '2011-11-24', '', '<p>Всё! Рождественский альбом записан и сведён. Буквально вчера, 23го ноября, была последняя сессия сведения в рижской студии GEM. На огонёк заскочил Марис из Ильги, отпустил пару комментариев, поулыбался и ушёл. Интересно, что в этот раз процесс сведения занял не так уж и много времени, всё-таки приятно иметь дело с настоящими профессионалами своего дела. Звукорежиссёр Гатис &mdash; им является на все сто! Более того, он сам играющий фолк музыкант со стажем 30 лет, что тоже сильно помогает нашему общему делу.</p><p>Так что всё готово, теперь последний штрих &mdash; мастеринг и диски отправятся на завод для копирования.</p><p>К 7му-8му декабря диски будут уже у нас на руках и это значит, что 13.12.11 г. в ДК Выборгский можно будет приобрести новый рождественский альбом группы Отава ё. Такими вы нас, наверное, ещё не слышали.</p>'),
(38, '2011-12-16', '', '<p>Презентация нового альбома удалась на славу!</p><p>Диски медленно, но верно поступают в продажу. В Санкт-Петербурге их можно будет купить в магазинах &laquo;Фонотека&raquo; (ул. Марата, 28) и в магазине Play (ул. Караванная, 1), в Москве на Горбушке лоток B-136, в Риге в магазине UPE (в старой Риге).</p><p>Иногородним можно новый альбом заказать наложенным платежом, пишите на ohs@mail.ru</p><p>Кроме того, весь альбом будет выложен в mp3 максимального качества на сайте <a target="_blank" href="http://otavae.kroogi.com">otavae.kroogi.com</a></p><p>13го января планируем сыграть Рождественский концерт в клубе «Книги и кофе&raquo;.</p><p>Всех с наступающими праздниками!</p>');
INSERT INTO `news` (`id`, `date_publish`, `title`, `content`) VALUES
(39, '2012-01-16', '', '<p>Рождественские концерты отыграны, от них осталось чувство удовлетворения и желание на следующий год провести их с большим размахом. Будем над этим работать.</p><p>Планы... На весну запланировано несколько поездок - во Францию, Эстонию и Латвию - подробности чуть позже.</p><p>17го марта сыграем на ежегодном фестивале &laquo;День Святого Патрика&raquo; в клубе &laquo;Космонавт&raquo; в очень хорошей компании!</p><p>Возможно что-то сделаем и на Масленицу, решение будет принято совсем скоро.</p><p>Есть идея следующего альбома, но торопиться не будем. На сегодняшний день группа не связана контрактными обязательствами ни с одним из издательств, так что можем себе позволить делать всё без спешки.</p><p>Следите за новостями здесь либо в <a target="_blank" href="http://reelroad.livejournal.com">reelroad.livejournal.com</a></p>'),
(40, '2012-02-20', '', '<p>Итак, Масленица!!! 23го февраля делаем большой праздничный концерт и танцы в новом клубе DaDa (Гороховая, 47), начало в 19.00. Мы просим всех воздержаться от курения в зале, а за это будем всех пришедших угощать блинами!</p><p>Вход &mdash; 400 рублей (в стоимость билета включён любой напиток в баре на сумму 150 рублей).</p><p>После этого мы садимся на поезд и едем в Москву, где тоже празднуют Масленицу. 24го и 25го февраля выступим в Парке Горького в очень хорошей компании, москвичи приходите!</p><p>26го февраля в 12.00 сыграем спектакль &laquo;Как журавль к цапле Свататься ходил&raquo; в музее религии, музей очень интересный, кстати.</p><p>В начале марта запланирована ещё одна наша необычная акция, но о ней позже.</p><p>На дне святого Патрика презентуем кое-что новенькое, кельтское... А в апреле вообще будет сюрприз...</p>'),
(41, '2012-02-28', '', '<p>Ура, товарищи &mdash; весна пришла! Немотря на то, что идёт снег, весна медленно, но верно вступает в свои права. Снег, кстати, нам очень на руку, так как ещё недельку нам нужна зимняя погода для съёмок, которые мы затеяли...</p><p>Масленица прошла просто прекрасно, 3 концерта на открытых площадках, аншлаговый клубный концерт в Питере &mdash; мы довольны!</p><p>Неожиданно образовался концерт в музее им. Кирова 3го марта, мы не могли от него отказаться, потому что самим очень интересно поиграть в стенах где всё пропитано духом того времени... Все кто придёт на мероприятие заранее к 17.00 &mdash; смогут осмотреть музей квартиру Кирова (очень рекомендую!)</p><p>Начало концерта в 18.00</p><p>Адрес - Каменноостровсикй проспект 26/28.</p><p>Мы готовимся к Патрику и постараемся всех удивить новыми кельтскими мелодиями и даже песнями. Для тех кому не дождаться Патрика &mdash; 10го марта играем на танцевальнй вечеринке у Мирквуд, записывайтесь на встречу: <a target="_blank" href="http://vk.com/vesna_mirkwood">vk.com/vesna_mirkwood</a></p><p>Потихоньку формируются весенне-летние гастрольные планы.</p>'),
(42, '2012-03-25', '', '<p>Патрик отыгран, зимний клип снят.</p><p>Съездили во Францию на гастроли, очень здорово! Во Франции уже весна. Все концерты прошли с успехом и аншлагом, мы довольны.<br />Здесь небольшой отчёт о гастролях по Нормандии: <a target="_blank" href="http://reelroad.livejournal.com/73004.html">http://reelroad.livejournal.com/73004.html</a></p><p>Впереди ряд поездок, ближайшая из которых в Эстонию в город Вильянди, где мы играли на отличном фестивале Viljandi Folk Festival в 2010 году, там же познакомились с президентом Эстонии. В этот раз нас пригласили организаторы фестиваля в Эстонский фольклорный центр, где мы сыграем большой сольный концерт.</p><p>Всё состоится 14го апреля.</p><p>В Санкт-Петербурге ближайшее мероприятие &mdash; 22го апреля и повод более чем значительный &mdash; мы представим свой новый видеоклип, который мы сняли прошлым летом во время гастролей по Европе. Клип получился весёлым и вполне качественным, с аналоговыми спецэфектами. Как и предыдущее наше творение &mdash; сняли всё сами, но уже на более серьёзную камеру и с учётом ошибок и недостатков предыдущей нашей работы.</p><p>Ну а чтобы мероприятие небыло просто обычным нашим концертом, мы пригласили специальных гостей из Чехии группу Tomas Kocko and Orchestr, которые выступят вместе с нами. Итак, 22го апреля 2012 года, клуб &laquo;МОД&raquo;, набережная канала Грибоедова, д. 7. Начало в 20.00.</p><p>Билеты - 400 рублей. Детям до 7 лет (и включительно) - бесплатно.</p>'),
(43, '2012-04-17', '', '<p>Вернулись с небольших Прибалтийских гастролей. Чем хороши краткосрочные выезды &mdash; это их краткосрочностью и насыщенностью. За 2 дня успели сыграть в русской школе в Риге, в клубе Bubamara так же в Риге и в Эстонском центре народной музыки в городе Вильянди. На двух концертах показали наш новый клип &mdash; своего рода претестация. Всё получилось как надо, потому что реакция была именно такая, какую мы ожидали и на какую рассчитывали.</p><p>Официальная презентация нового клипа пройдёт В Петербурге 22го апреля 2012 года в клубе МОД (наб. канала Грибоедова 7, во дворе).<br />На официальную презентацию пожалуют официальные лица в лице группы Tomas Kocko &amp; Orchetr из Чехии. Очень интересный ансамбль, со скрипачкой Хеленкой из которого нам довелось поработать полтора года назад, будучи на гастролях в Чехии с Reelroadъ. Tomas Kocko &amp; Orchetr &mdash; заслуженный коллектив, обладатель ряда музыкальных премий в области World Music. Летом 2011 года они побывали в Москве на фестивале &laquo;Иван Купала&raquo;, где произвели фурор, после чего и было решено организовать группе серию концертов в России.</p><p>Думаю, что всего этого достаточно, чтобы зазвать вас на наш концерт-презентацию, судя по всему это будет наш последний в этом сезоне клубный концерт, после этого только open-air&#39;ы и фестивали.</p>'),
(44, '2012-04-23', '', '<p>Ну, вот и ещё одна веха в творчестве &mdash; мы выпустили наш новый видеоклип!</p><p>Нам всегда была интересна визуализация нашего творчества, и видеоклипы дают для этого неограниченные возможности.</p><p>В прошлом году летом, когда мы были на гастролях в Европе, мы отсняли материал для нового клипа на песню &laquo;Про Ивана Groove&raquo;. Большая часть съёмок прошла в польском городе Венгожево (Wegorzewo) на территории этнографического музея, за что мы приносим свою благодарность администрации музея. Так же в клип вошли кадры из Германии, Словакии, Эстонии и Карелии.</p><p>Стиль клипа мы называем &mdash; русское готическое R&rsquo;N&rsquo;B с аналоговыми спецэффектами.</p><p>Всё снято и придумано нами самими, монтаж и цветокоррекция были выполнены нашим другом Севой Алёхиным. Результат можно посмотреть здесь: <a target="_blank" href="http://www.youtube.com/watch?v=YbBU06irWT8&amp;feature=youtu.be">http://www.youtube.com/watch?v=YbBU06irWT8&amp;feature=youtu.be</a></p><p>Мы будем признательны, если вы посмотрите, прокомментируете и пошлёте клип друзьям.</p>'),
(45, '2012-06-01', '', '<p>Наконец-то, дождались лета! Пусть пока прохладно и дело до шорт и футболок ещё не дошло, это не важно, главное, что теперь будет только тепло и солнечно, а если и пойдёт дождь, то тоже хорошо, потому что это летний тёплый дождь!</p><p>У нас наступает пора гастролей и фестивалей.</p><p>В этом году у нас вырисовывается плотная летняя жизнь, для музыканта &mdash; поездки на гастроли очень важны.</p><p>Итак, лето для нас начнётся 2го июня с мегафестиваля под Москвой, в центре Этномир, на фестивале &laquo;Дикая Мята&raquo;, где мы стали уже практически резидентами. Мы играем на сцене Green в 14.20.</p><p>После этого 12го июня мы улетим в Португалию, где сыграем два концерта, 16го июня уже выступим в Твери на фестивале &laquo;Сурица&raquo;, а 17го в Гатчине на танцевальном фестивале.</p><p>23го июня посетим родину Володи Молодцова &mdash; город Сыктывкар, где примем участие в фестивале &laquo;Ыбица&raquo;, 26го июня выезжаем в Европейский тур с Любомиром, традиционно тур стартует в Латвии. В этот раз посетим с концертами Словакию, Австрию и Польшу. В конце июля возможно сделаем вылазку в Чехию и Польшу, снова через Латвию. А в середине августа полетим в Голландию на очень большой фестиваль, о котором расскажем чуть позже, естественно снова через Латвию, на сей раз нас ждут в городе Лиепая на Fontaine фестивале. В родном городе будем появляться эпизодически.</p><p>Возможно, дело дойдёт и до выхода нашего на улицу, есть информация, что в нашем городе снова можно играть на улице и нам не терпится это проверить!</p>'),
(46, '2012-09-02', '', '<p>Закончен летний концертный сезон. Мы много путешествовали, выступали на различных фестивалях и концертных площадках. Продолжили в Риге записывать новый альбом. Здесь можно почитать небольшой отчёт о наших летних гастролях: <a target="_blank" href="http://reelroad.livejournal.com/75600.html">http://reelroad.livejournal.com/75600.html</a></p><p>В планах продолжать записываться иногда отвлекаясь на выступления.</p>'),
(47, '2012-09-21', '', '<p>Новость номер один &mdash; мы объявляем дату презентации нашего нового видеоклипа &mdash; 5го ноября 2012 года в Санкт-Петербургском клубе МОД в 19.00! По столь значимому поводу этот день (который является понедельником) объявляется общероссийским выходным днём!</p><p>9го ноября мы устроим презентацию клипа в московском клубе &laquo;Шоколадная фабрика&raquo; и только после этого выложим его в youtube. В данный момент идёт работа по монтажу и цветокоррекции.</p><p>5го октября мы посетим фестиваль в Эстонии, который проходит на острове под патронажем жены президента Эстонии, а 6го октября выступим в Калиниграде на дне рождения клуба &laquo;Кури Бамбук&raquo;.</p><p>Мы работаем над новыми песнями, которые войдут в наш новый альбом, релиз намечен на 2013 год. Если вы хотите ускорить процесс записи &mdash; вносите свою финансовую лепту через нашу страницу <a target="_blank" href="http://otavae.kroogi.com">otavae.kroogi.com</a></p>'),
(48, '2012-10-08', '', '<p>Пока мы готовили новый видеоклип &mdash; стало известно, что нашу предыдущую работу заметили и оценили в Европейском видео чарте, посвящённому world music video. Наш второй клип &laquo;Про Ивана groove&raquo; занял первое место в их октябрьском чарте.</p><p>С одной стороны, это вряд ли что-то значит для нас в глобальном смысле, так как до этого мы даже не знали о существовании этого чарта, но с другой стороны &mdash; всё же приятно быть замеченными и главное это очень вовремя, ведь совсем скоро мы покажем нашу новую видеоработу, над которой трудимся уже достаточно долгое время.</p><p>Здесь можно ознакомиться с видеочартом:</p><p>World Music Network&#39;s OCTOBER VIDEOS CHART: <a target="_blank" href="http://www.worldmusic.net/charts/video/">http://www.worldmusic.net/charts/video/ </a></p>'),
(49, '2012-11-14', '', '<p>Вот и готов наш новый клип на песню «Дворник». Слова - Даниил Хармс, музыка - латышская народная и Отава Ё.</p><p>Будем признательны, если уделите клипу 6 минут и 10 секунд своего времени.</p><p>Here is our new video clip. We will appreciate if you will spend 6 minutes and 10 seconds of your life to watch it.</p><p><a target="_blank" href="http://www.youtube.com/watch?v=eIa7ZfJUeGU&amp;feature=youtu.be&amp;hd=1">http://www.youtube.com/watch?v=eIa7ZfJUeGU&amp;feature=youtu.be&amp;hd=1 </a></p>'),
(50, '2012-12-25', '', '<p>Конец года, можно подвести итоги.</p><p>За год мы сыграли около 100 концертов, что с одной стороны немного, а с другой стороны всё-таки много, учитывая наш подпольный статус.</p><p>В 2012 году мы съездили во Францию, Эстонию (дважды), Латвию (неоднократно), Португалию, Кипр, Словакию, Австрию, Голландию, Швейцарию. Выпустили два видеоклипа, и попали с ними в Европейский видеочарт. Выступили в женской колонии.</p><p>2013 год обещает быть насыщенным. Надо выпустить новый альбом, который уже давно назрел и даже частично уже записан. Будем пытаться к лету, но, возможно, успеем только к осени. Выпускать или не выпускать на дисках &ndash; у нас такой вопрос не стоит, конечно же, выпускать!<br />Нас ждут в нескольких странах на гастроли, идут переговоры. Ближайшая поездка в конце января в одну экзотическую страну, но об этом уже в следующем году.</p><p>Мы с радостью ездим и по России, но предложений не так много. Тверь, Сыктывкар и Москва &mdash; вот, пожалуй, и всё где мы были в этом году.<br />Мы ищем место для своей базы &mdash; творческой мастерской &mdash; репетиционной точки. Если у вас есть что-либо на примете, дайте знать. Желательно не подвал.</p><p>После праздников, 12.01.13 г. сыграем свой спектакль &laquo;Рождество&raquo; с театром &laquo;Странствующие куклы господина Пэжо&raquo; в театре &laquo;Плоды Просвещения&raquo; (подробности в расписании). Рекомендуем не пропустить, так как, судя по всему, это будет единственный показ. Но, если будет большой спрос на билеты (в зале всего 250 мест), то возможен дополнительный спектакль в этот же день.</p><p>Всех с наступающими праздниками!</p><p>Всегда ваша,\nфолк группа Отава Ё.</p>'),
(51, '2013-01-21', '', '<p>On the road again - 30го января мы отправляемся на гастроли в ... Индию!</p><p>Вот уж о чём мы даже не мечтали. Два года назад нам предложили поучаствовать в суфийском фестивале в Калькутте и вот мы едем в Индию по приглашению Индийского комитета по культуре. Визы и билеты получены, так что с 1 го по 11ое февраля мы примем участие в трёх больших музыкальных фестивалях, два из которых в Калькутте, один в Дели. Так же запланировано совместное выступление с индийскими музыкантами.<br />Фотоочёт гарантируется!</p><p>Перед отъездом в Индию мы сыграем концерт в &laquo;Африке&raquo; (восточной), 26го января, приходите проводить.</p>'),
(52, '2013-02-28', '', '<p>Гастроли в Индии, наверное, самое необычное, что с нами происходило на почве музыки до сих пор. 3 фестиваля, в Калькутте и Дели. Здесь небольшой фото отчёт: <a target="_blank" href="http://reelroad.livejournal.com/79073.html">http://reelroad.livejournal.com/79073.html</a></p><p>В ближайших планах главное фолк-событие в нашем городе на сегодняшний день &mdash; &laquo;День Святого Патрика&raquo;. Вот уже 14ый год подряд проходит международный фолк-фестиваль, в котором мы обязательно примем участие с нашей специальной кельтско-рашн битовской программой. Здесь чуть подробнее про фестиваль:<a target="_blank" href="http://www.patrickfestival.ru"> www.patrickfestival.ru</a></p><p>Из звёздных гостей &mdash; Brian Finnegan trio + Karan Casey. Тот самый Брайн Финнеган, который играет в Аквариум International, и по сути является его лицом! А также москвичи Art Ceilidh!</p><p>Итак, 16го марта 2013 года &mdash; фестиваль &laquo;День Святого Патрика в Санкт-Петербурге&raquo; &mdash; клуб А2, зал &laquo;Мир&raquo; (пр. Медиков, 3). Начало в 20.00 и до утра.</p><p>Билеты в кассах города. Группа в контакте: <a target="_blank" href="http://vk.com/club14469698">http://vk.com/club14469698</a></p><p>Мы продолжаем запись альбома. В этот раз мы не стали собирать на него деньги через новые сервисы типа kikcstarter или boomstarter, но от вашей помощи не откажемся. Возможность поддержать нашу работу здесь: <a target="_blank" href="http://www.otavae.kroogi.ru">www.otavae.kroogi.ru</a></p>'),
(53, '2013-05-06', '', '<p>Прежде всего, мы вышли на финишную прямую в записи нового альбома! Осталось буквально 2-3 сессии на студии и можно будет сказать, что главная часть работы сделана. После этого весь материал будет переправлен в Латвию на Рижскую студию GEM, где звукорежиссёр Гатис Гауяниекс будет заниматься сведением, после этого сведённый материал уедет в Германию, где будет сделан мастеринг. Эта схема работы нами опробована на двух предыдущих альбомах.</p><p>Новый альбом &mdash; это накопившийся материал за последние 4 года, песни всем известные и не очень. На данном альбоме мы продолжили развивать и пестовать тему рашн бит.</p><p>Будучи несвязанными никакими контрактными обязательствами &mdash; мы записывались спокойно без спешки, позволяя себе различные эксперименты. В самом ближайшем будущем выложим что-нибудь послушать. Выпуск альбома планируется на осень 2013 года. Как всегда новый альбом будет издан на компакт дисках и выложен на нашей странице на кругах.</p><p>Лето 2013 обещает быть насыщенным &mdash; есть несколько предложений от европейских фестивалей. В планах поездки в Эстонию, Латвию, Австрию и Финляндию! Финляндию хочется отметить особо, так как это будет наша первая поездка за долгие годы в Финляндию с концертами. До этого, как вы знаете, мы были там только в качестве уличных музыкантов и проездом в аэропорт. Теперь настало время возвращать долги. В июле мы выступим на одном из старейших и уважаемых фолк фестивалей &mdash; Kaustinen folk festival.</p><p>В середине мая мы выступим в Москве в клубе Шоколадная фабрика, а 2го июня в Петербурге в клубе DaDa, тем самым закроем клубный сезон и перейдём к фестивалям.</p>'),
(54, '2011-05-20', '', '<p>Господа, в группе Отава ё произошла замена, теперь вместо скрипачки Натальи Высоких у нас новая участница, с которой мы Вас познакомим в июле (что, кстати, очень символично, скоро узнаете почему), а именно 28го июля в клубе МОД, где мы сыграем большой концерт перед отбытием на гастроли. Начало европейских гастролей запланировано в Латвии. Совсем скоро выложим расписание. А пока мы репетируем и записываемся, вполне возможно, что скоро что-нибудь выложим послушать.</p><p>Что ещё у нас нового... Закончился очередной тираж альбома &laquo;Жили-были&raquo;, только что сделали переиздание. Итого на сегодняшний день продано 3000 экземпляров.</p><p>Несмотря на кризис издательского бизнеса и ещё большее падение продаж дисков групп &mdash; мы снова записываемся. Вкалываем на студии &laquo;Часовщик&raquo; одновременно работая над двумя альбомами. Главная задача записать рождественский альбом, при этом так, чтобы успеть к следующему Рождеству. Это будет серъёзный альбом, требующий вдумчивого к себе отношения, возможно это будет наша самая серьёзная работа.</p><p>Кроме того потихоньку пишем материал, который более традиционен для нас, здесь спешки нет, но всё же хочется записать песни именно в тот момент, когда они ещё актуальны для нас самих.</p><p>Летние планы всё ещё не определены. Известно только, что в августе скорее всего поедем в Европу, и скорее всего по пути сыграем концерты в Латвии и возможно Эстонии.</p>');



SET FOREIGN_KEY_CHECKS=1;