
SET FOREIGN_KEY_CHECKS=0;
SET SQL_MODE="NO_AUTO_VALUE_ON_ZERO";
SET time_zone = "+00:00";

--
-- База данных: `otava`
--

--
-- Дамп данных таблицы `album`
--

INSERT INTO `album` (`id`, `title`, `year`, `desc`) VALUES
(1, 'Рождество', 2011, '<p>Альбом русских рождественских песен — третий по счёту альбом фолк-группы Отава ё.</p>\n<p>Все песни народные. Мы осознанно искали именно русскоязычные варианты текстов многим известных рождественских песен, это было для нас принципиально.</p>\n<p>Часть песен с этого альбома вошли в совместную одноимённую театральную постановку с театром «Странствующие куклы господина Пэжо».</p>\n<p>Презентация альбома состоялась в ДК Выборгский 13 декабря 2011 года.</p>\n\n<p class="title-em">В записи принимали участие:</p>\n<ul class="list">\n<li><span>Алексей Белкин</span> — гусли, жалейка, волынка, low whistle, бубен, ложки, голос</li>\n<li><span>Алексей Скосырев</span> — акустическая гитара, маленькая гитара, голос</li>\n<li><span>Дмитрий Шихардин</span> — фиддл, мандолина, балалайка, колокольчик, голос</li>\n<li><span>Пётр Сергеев</span> — дарбука, большой барабан, коробочка</li>\n<li><span>Тимур Сигидин</span> — бас-гитара</li>\n<li><span>Юлия Усова</span> — скрипка</li>\n</ul>\n<p class="title-em">Приглашённые музыканты:</p>\n<ul class="list">\n<li><span>Илья Доброхотов</span> — никельхарпа (7), кантеле (2, 4, 6), колёсная лира (3)</li>\n<li><span>Наталия Назарова</span> — виолончель (1, 5, 9)</li>\n<li><span>Алексей Гусаров</span> — скрипка (9)</li>\n<li><span>Рустик Позюмский</span> — альт (1, 9)</li>\n<li><span>Роман Тентлер</span> — контрабас (3, 5)</li>\n<li><span>Денис Сладкевич</span> — барабан (8)</li>\n</ul>\n<p>Записано на студии «Часовщик» в период с марта по ноябрь 2011 года, звукорежиссёр Евгений Кирциделли. </p>\n<p>Сведение — GEM studio (Рига, Латвия), звукорежиссёр — Gatis Gaujenieks.</p>\n<p>Мастеринг — Tom Meyer, Studio «Master & Servant», Hamburg, Germany. </p>\n<ul class="list">\n<li>Все песни народные.</li>\n<li><span>Все аранжировки</span> — Отава ё.</li>\n<li><span>Художественное оформление</span> — Светлана Кондесюк.</li>\n<li><span>Дизайн буклета</span> — Андрей Евдоков.</li>\n<li><span>Перевод</span> — Алексей Финогенов, Бенита Яундалдере.</li></ul> '),
(2, 'Жили-были', 2009, '<p>Отава ё — side-проект музыкантов сразу же нескольких известных Петербургских фолк-групп (Reelroadъ, Сказы Леса).</p>\n<p>Альбом «Жили-были» в основном состоит из ОЧЕНЬ в недавнем прошлом популярных и всем известных в нашей стране песен и мелодий. Некоторые из них хоть и имеют конкретных авторов, но по праву могут называться народными — «Риорита», «Крутится, вертится шарф голубой», «лезгинка», «жил-был у бабушки серенький козлик» — Отава ё представляют хиты прошлого в новом неожиданном свете. Отава ё — это шесть человек играющих на различных этнических инструментах — волынки, скрипки, жалейки, гусли, а также акустическая гитара и всевозможная перкуссия.</p>\n<p>Все участники Отавы ё — опытные фолк музыканты и не понаслышке знают, что такое этническая музыка и настоящий фолк драйв, и что так же важно — у группы прекрасное чувство юмора! Если в процессе прослушивания вы улыбнулись — это значит, что музыканты добились своей цели. Группа Отава ё негласно носит эпитет одной из самых весёлых фолк групп Санкт-Петербурга.</p>\n<p>Музыканты очень серьёзно подошли к «несерьёзным» песням. Альбом записывался в Санкт-Петербурге в течение полугода, после чего сводился в Латвии, а мастеринг делался в Германии.</p> '),
(3, 'Под аптекой', 2006, '<p>Альбом записанный группой по следам своих выступлений на Невском проспекте в городе Санкт-Петербург. Совершенно случайным образом музыканты вдруг решили собраться и поиграть на улице именно группой. К тому времени у всех нынешних участников группы уже был богатый опыт уличных выступлений, но в основном заграницей. Первый совместный опыт игры в Петербурге на улице группой оказался настолько позитивным, что с этого момента Отава ё стали регулярно выступать около гомеопатический аптеки на Невском проспекте. Отсюда и название альбома — «Под аптекой».</p>\r\n<p>Репертуар состоял в основном из кельтских мелодий. Практически все аранжировки были сделаны в процессе уличных концертов. Чтобы сохранить концертный дух, альбом "Под аптекой" был записан живьём на Петербургской студии грамзаписи, с небольшими дописками сделанными на студии «Часовщик». Звук и концепция альбома получились вполне адекватными состоянию группы на тот момент.</p>\r\n<p>По принципиальным соображениям «Под аптекой» был издан без участия выпускающих лэйблов, то есть своими силами, в формате диджипак на деньги вырученные от уличных выстулпений.</p>\r\n<p class="title-em">В записи приняли участие:</p>\r\n<ul class="list">\r\n<li><span>Алексей Белкин </span> — галисийская волынка, shuttle pipe, жалейка, вокал</li>\r\n<li><span>Дмитрий Шихардин</span> — фиддл, вокал</li>\r\n<li><span>Алексей Скосырев</span> — акустическая гитара, вокал</li>\r\n<li><span>Наталья Высоких</span> — скрипка</li>\r\n<li><span>Пётр Сергеев</span> — дарбука</li>\r\n<li><span>Светлана Кондесюк </span>— галисийская волынка, флейта</li>\r\n<li><span>Роман Стансков</span> — бузуки</li>\r\n</ul>\r\n<p>К сожалению, с тех пор в нашем городе многое изменилось и музыкантам группы Отава ё больше не дают играть на улице ссылаясь на то, что это не разрешено и является незаконной коммерческой деятельностью. Так что на сегодняшний день альбом «Под аптекой» — единственное место где возможно услышать музыку уличных музыкантов в нашем городе.</p>');

--
-- Дамп данных таблицы `audio`
--

INSERT INTO `audio` (`id`, `album_id`, `title`) VALUES
(1, 1, 'Как в Иерусалиме рано зазвонили'),
(2, 1, 'Днесь Христос родился'),
(3, 1, 'Христос Спаситель'),
(4, 1, 'На небе зорька'),
(5, 1, 'Рождество Христово, ангел прилетел'),
(6, 1, 'Небо и земля'),
(7, 1, 'Уродилась коляда'),
(8, 1, 'Запевайте, христиане'),
(9, 1, 'Эта ночь святая'),
(10, 1, 'Торжествуйте, веселитесь'),
(11, 2, 'Интро'),
(12, 2, 'Кадриль'),
(13, 2, 'Жил-был у бабушки серенький козлик'),
(14, 2, 'Про Ивана groove'),
(15, 2, 'Лезгинка'),
(16, 2, 'Гавоты'),
(17, 2, 'Про Диму и Петю'),
(18, 2, 'Во кузнице'),
(19, 2, 'Финская полька'),
(20, 2, 'Иванушка рачек'),
(21, 2, 'Риорита'),
(22, 2, 'Крутится вертится шарф голубой'),
(23, 3, 'Reels'),
(24, 3, 'Saltarella / Tarantella'),
(25, 3, 'Bailar'),
(26, 3, 'Польки / Найман'),
(27, 3, 'Джиги'),
(28, 3, 'Шведская'),
(29, 3, 'La sansonette'),
(30, 3, 'Lazersong'),
(31, 3, 'Песня'),
(32, 3, 'Хит'),
(33, 3, 'Вальс Петрова');

--
-- Дамп данных таблицы `concert`
--

INSERT INTO `concert` (`id`, `date`, `title`, `link`, `place`, `time`, `cost`, `desc`) VALUES
(4, '2013-08-23', '', 'http://www.mjr.lt/arc/mjr2012/en/festival/about-festival', 'Lithuania', NULL, NULL, ''),
(5, '2013-07-10', 'Viru Folk 2013', 'http://virufolk.ee/', 'Estonia, Виру', NULL, NULL, ''),
(6, '2013-07-27', '', '', 'Latvia, Цесис', NULL, NULL, 'Фестиваль организованный лэйблом Lauska по поводу своего юбилея и выхода нового сборника Sviests 5 с нашим участием'),
(7, '2013-07-15', '', '', 'Austria, Mistelbach', NULL, NULL, 'Концерт в пабе'),
(8, '2013-07-13', '', 'http://www.wellenklaenge.at', 'Austria', NULL, NULL, ''),
(9, '2013-07-12', 'The 7th Wackelsteinfestival', 'http://www.wackelsteinfestival.at', 'Austria', NULL, NULL, ''),
(10, '2013-07-10', 'Kaustinen folk festival', 'http://kaustinen.net/en/', 'Finland', NULL, NULL, ''),
(11, '2013-07-09', 'Kaustinen folk festival', 'http://kaustinen.net/en/', 'Finland', NULL, NULL, ''),
(12, '2013-06-30', 'Cекретный летний концерт', '', 'СПб, Восточная африка', NULL, NULL, ''),
(13, '2013-06-23', 'Фестиваль живой музыки «Троица - всё живое»', 'http://www.3fest.ru', 'Электроугли', NULL, 0, ''),
(14, '2013-06-22', 'Фестиваль «Солнцестояние»', 'http://www.solarfest.su/', 'Омская область, Муромский район, д. Окунёво', NULL, NULL, ''),
(15, '2013-06-21', 'Фестиваль «Солнцестояние»', 'http://www.solarfest.su/', 'Омская область, Муромский район, д. Окунёво', NULL, NULL, ''),
(16, '2013-06-08', 'Фестиваль «Puude taga on inimene»', 'http://puudetagaoninimene.ee/', 'Таллин', NULL, NULL, ''),
(17, '2013-11-15', ' Folkherbst nomintation', '', 'Germany, Plauen', NULL, NULL, ''),
(19, '2013-11-14', '', '', 'Germany, Frankfurt/ Oder', NULL, NULL, ''),
(20, '2013-10-25', 'Russian Days', '', 'Finland, Helsinki', NULL, NULL, ''),
(21, '2013-10-24', 'Russian Days', '', 'Finland, Helsinki', NULL, NULL, ''),
(22, '2013-10-10', 'Московская презентация нового альбома', '', 'Москва, клуб «16 Тонн»', '20:00:00', NULL, ''),
(23, '2013-09-22', 'Презентация пового альбома «Что за песни»', 'http://vk.com/event55535424', 'СПб, Клуб А2, проспект Медиков, 3, зал «Спутник»', NULL, 400, ''),
(24, '2013-09-21', 'фестиваль WOMAD-Russia', 'http://womadrussia.ru/', 'Пятигорск', NULL, NULL, ' Участники: Хун-хуур-ту, Дживан Гаспарян, Зуля Кмалова, Вопли Видоплясова и др.'),
(25, '2013-09-08', 'фестиваль Kamwa', 'http://www.kamwa.ru/', 'Пермь', NULL, NULL, ''),
(26, '2013-09-07', 'Этнофорум', 'http://vk.com/tomsketno_group', 'Томск', NULL, NULL, ''),
(27, '2013-09-06', 'Этнофорум', 'http://vk.com/tomsketno_group', 'Томск', NULL, NULL, ''),
(28, '2013-08-24', '', '', 'Latvia, Riga,  «Egle» (Old Riga), Kaleju 8', '20:00:00', 0, ''),
(29, '2013-06-02', '', '', 'СПб, клуб DaDa, Гороховая 47', '19:00:00', 300, ''),
(30, '2013-05-15', '', '', 'Москва, клуб «Шоколадная фабрика», ул. Рабочая, 38', '20:00:00', 400, ''),
(31, '2013-03-30', ' FESTIVAL PAASPOP SCHIJNDEL', 'http://www.paaspop.nl/', 'Netherlands', NULL, NULL, ''),
(32, '2013-03-29', 'Сольный концерт', '', 'Latvia, Riga,  Nabaklub, Zigfrida Annas Meierovica bulvāris 12.', '21:00:00', NULL, ''),
(33, '2013-03-16', ' XIV фестиваль «День Святого Патрика в Санкт-Петербурге»', 'http://vk.com/club14469698', 'СПб, Клуб А2, проспект Медиков, 3, зал «Мир»', '20:00:00', 500, ' Участники: Finnegan Trio+Karan Casey (Ирландия), Art Ceilidh (Москва), Old Horned Sheep, Отава Ё, Минус Трели+Волынки и барабаны Санкт-Петербурга, Celtic City Experience, The Sloggers, Berkana.\r\nwww.patrickfestival.ru'),
(34, '2013-02-09', 'World Music festival Fusion Fiesta', 'http://www.kolkatafusionfiesta.com', ' India, Kolkata', '18:00:00', NULL, ' Performance together with Carlos Gonsalves(Goa)'),
(35, '2013-02-07', ' Festival Sufi Sutra', '', ' India, Delhi', NULL, NULL, ''),
(37, '2013-02-03', 'Festival Sufi Sutra', 'http://www.banglanatak.com/', 'India, Kolkata', '18:00:00', 0, 'Evening performance (6 pm-9 pm)'),
(38, '2013-02-02', 'Festival Sufi Sutra', 'http://www.banglanatak.com/', 'India, Kolkata', '11:00:00', 0, ' Day time workshop (11 am-14 pm)'),
(39, '2013-01-26', '', '', 'СПб, клуб «Африка» (Восточная),  Улица Печатника Григорьева д. 13', '19:00:00', 300, ''),
(40, '2013-01-19', '', '', 'Архангельск, клуб «Колесо», ул. Гайдара 4/1', NULL, 300, ''),
(42, '2013-01-13', '', '', 'Электроугли,  ул. Парковая д. 14', '17:00:00', 0, ''),
(43, '2013-01-12', 'музыкальный спектакль «Рождество»', '', 'СПб,  Театр "Плоды Просвещения" на территории «Гранд Каньона», 3й этаж, проспект Энгельса 154', '18:00:00', 500, 'Музыкальный спектакль «Рождество», совместно с театром «Странствующие куклы г-на Пэжо» и струнным квартетом. Билеты рублей в кассе театра и кассах ДТЗК.'),
(44, '2012-11-16', ' Russian Formula of Happiness', 'http://www.facebook.com/events/383144911762938/', ' Швейцария, г. Лугано', NULL, NULL, ''),
(45, '2012-11-09', 'презентация нового видеоклипа «Дворник»', '', 'Москва, клуб «Шоколадная фабрика», ул. Рабочая, 38', '19:00:00', 400, ''),
(46, '2012-11-05', 'презентация нового видеоклипа «Дворник»', 'http://vk.com/event43450426', 'СПб, клуб «МОД»,  наб. канала Грибоедова, 7', '19:00:00', 300, ''),
(47, '2012-10-05', 'II Viiulifestival', '', 'Estonia, Kihnu', '22:00:00', NULL, ''),
(48, '2012-09-11', 'открытие новой площадки клуба Африка', '', 'СПб, клуб «Африка» (Восточная),  Улица Печатника Григорьева д. 13', '19:00:00', 0, ''),
(49, '2012-08-19', '', '', 'Latvia, Jūrmala, «Jomas Skatuve», Pilsoņu iela 14/16', '19:00:00', NULL, ''),
(50, '2012-08-18', '', '', 'Latvia, Riga,  «Bubamara» klubs, Audeju Iela. 8', '21:00:00', NULL, ''),
(51, '2012-08-17', 'Lowlands festival', '', 'Netherlands, Biddinghuizen, Lima stage', '20:15:00', NULL, ''),
(52, '2012-08-15', '', '', 'Latvia, Riga,  «Egle»,  Kaļķu 1a', '20:00:00', NULL, ''),
(54, '2012-08-14', '', '', 'Latvia, Jūrmala, «Jomas Skatuve», Pilsoņu iela 14/16', '19:00:00', NULL, ''),
(55, '2012-08-11', 'Fontaine festival', '', 'Latvia, Liepāja, Dzirnavu iela 4, LV-3401', '21:15:00', NULL, 'сцена Gypsy camps'),
(56, '2012-08-10', 'III Мотоконференция Калининградской области', 'http://sm39.ru/', ' посёлок Лесное (рядом со Светлогорском)', NULL, NULL, ''),
(57, '2012-08-09', '', '', ' Latvia, Jelgava, «Melno Cepurīšu Balerija», Raiņa 20', '21:30:00', NULL, ''),
(58, '2012-08-01', '', '', ' Latvia, Riga, «Ne kadu problema», Tirgoņu iela 5/7', '19:00:00', NULL, ''),
(59, '2012-07-31', '', '', 'Latvia, Jūrmala, «Jomas Skatuve», Pilsoņu iela 14/16', '19:00:00', NULL, ''),
(60, '2012-07-30', '', '', 'Latvia, Jūrmala, «Jomas Skatuve», Pilsoņu iela 14/16', '19:00:00', NULL, ''),
(61, '2012-07-29', '', '', 'Latvia, Riga,  «Egle», Kaļķu 1a', '20:00:00', NULL, ''),
(62, '2012-07-28', 'Майянский Новый Год', ' http://vk.com/maiang2012', 'СПб, клуб «The Place»,  ул. Маршала Говорова, 47', NULL, NULL, ''),
(63, '2012-07-21', '', 'http://redfoxpub.ru/', 'СПб, паб «Redfox», Пулковское шоссе 3', '21:00:00', NULL, ''),
(64, '2012-06-27', '', '', 'Latvia, Riga, «Egle»,  Kaļķu 1a', '20:00:00', NULL, ''),
(65, '2012-06-29', 'Festival ATRIUM ART 2012', 'http://www.atriumart.rimava.sk/program-2012/', 'Slovakia - Rimavská sobota', '22:00:00', NULL, ''),
(66, '2012-06-30', 'Heart Culture Festival 2012', 'http://www.herzkultur.org/heartculture/', ' Austria, Gerersdorf bei Gussing', NULL, NULL, ''),
(67, '2012-07-05', '', '', 'Austria,  Vienne, Cafe Concerto Lerchenfelder Gürtel 53, 1160', '21:00:00', NULL, ''),
(68, '2012-07-07', ' Festival «Nitra, milá Nitra 2012»', 'http://www.nitra.sk/news.php?extend.1249.466', 'Slovakia,  NITRA', '16:30:00', NULL, ''),
(69, '2012-07-07', '', '', 'Slovakia, LEVICE, Kaviareň na Korze', NULL, NULL, 'evening'),
(70, '2012-07-09', '', '', 'Latvia, Riga, «Egle»,  Kaļķu 1a', '20:00:00', NULL, ''),
(71, '2012-07-10', '', '', 'Latvia, Jūrmala, «Jomas Skatuve», Pilsoņu iela 14/16', '19:00:00', NULL, ''),
(72, '2012-06-23', ' фестиваль «Ыбица»', 'http://www.ybitsa.ru/', 'Сыктывкар', NULL, NULL, ''),
(73, '2012-06-17', 'фестиваль «Феерия Состояний»', 'http://fs-spb.ucoz.ru/ ', 'Гатчина', NULL, NULL, ''),
(74, '2012-06-16', 'фолк-фестиваль «Сурица»', 'http://proffest.ru/', 'Тверь', NULL, 1000, 'Так же участвует Reelroadъ (!), и другие коллективы. '),
(75, '2012-06-14', 'IX Encontro de Culturas e Mercado Cultural', 'http://www.cm-serpa.pt/artigos.asp?id=1177', 'Portugal, Serpa', NULL, NULL, ''),
(76, '2012-06-13', 'Festas Antoninas 2012', ' http://www.cm-vnfamalicao.pt/_festas_antoninas_2012', 'Portugal,  V.N. Famalicao, Praca D.Maria II', '21:30:00', NULL, ''),
(77, '2012-06-02', ' Фестиваль «Дикая Мята»', 'www.mintmusic.ru', ' Калужская область, комплекс «Этномир»', NULL, 1500, 'Играем в 15.00. Состав участников очень солидный!'),
(78, '2012-05-26', 'фестиваль Gypsy Camp', '', 'Latvia, Liepāja', '21:30:00', NULL, ''),
(79, '2012-05-25', 'Сольный концерт', '', 'Latvia, Riga,  Nabaklub, Zigfrida Annas Meierovica bulvāris 12', '21:00:00', 2, ''),
(80, '2012-05-19', '«Ночь музеев»', '', ' СПб, музей им. Кирова, Каменноостровский проспект 26/28', '18:30:00', NULL, ''),
(81, '2012-04-22', ' презентация нового клипа!', '', 'СПб, клуб «МОД», Набережная Канала Грибоедова, д. 7', '20:00:00', 400, 'Специальные гости: Tomas KOCKO & ORCHESTR (Чехия).  Дети до 7ми лет - бесплатно.'),
(82, '2012-04-14', '«Русский день» в Эстонском центре народной музыки', '', 'Эстония, Вильянди, Tasuja pst 6', '20:00:00', 5, ''),
(83, '2012-04-13', '', '', 'Latvia, Riga,  «Bubamara» klubs, Audeju Iela. 8', '21:00:00', 0, ''),
(84, '2012-03-24', '', '', ' Франция, Flamanville, Le Rafiot. ', NULL, NULL, ''),
(85, '2012-03-23', '', '', 'Франция, Saint-Sauveur-Lendelin, Espace Culturel.', NULL, NULL, ''),
(86, '2012-03-22', '', '', 'Франция, Quettehou, Halle aux Grains. ', NULL, NULL, ''),
(87, '2012-03-21', '', '', 'Франция, 6 place Auguste Cousin Saint-Sauveur le Vicomte, Basse-Norm. Salle le Normandy.', NULL, NULL, ''),
(88, '2012-03-20', '', '', 'Франция - La Haye Pesnel, Basse-Norm, ESPACE DU BOCAGE.', NULL, NULL, ''),
(89, '2012-03-17', 'XIII Ежегодный фолк фестиваль «День Святого Патрика в Санкт-Петербурге»', 'www.patrickfestival.ru', 'СПб,  Клуб «Космонавт», ул. Бронницкая, 24', '20:00:00', 400, ' Участники: AULI (Латвия), Mervent (Москва), Anistratov-project (Москва), Celtic City Experience, Welladay, Минус Трели.'),
(90, '2012-03-03', ' концерт-лекция «МОЛОДЕЖЬ ВЧЕРА И СЕГОДНЯ: ДИМА И ПЕТЯ»', '', 'СПб, музей им. Кирова, Каменноостровский проспект 26/28', '18:00:00', 400, ''),
(91, '2012-02-25', '«Масленица» в Парке Горького', '', 'Москва, парк Горького', NULL, NULL, ''),
(92, '2012-02-24', '«Масленица» в Парке Горького', '', 'Москва, парк Горького', NULL, NULL, ''),
(93, '2012-02-23', 'Масленица в клубе DaDa', '', 'СПб, «клуб DaDa», Гороховая 47', '19:00:00', 400, 'В стоимость билета входит - любой напиток в баре. Всех пришедших угощаем блинами!!! '),
(94, '2012-01-09', 'музыкальный спектакль «Рождество» ', '', 'СПб, Театр "Плоды Просвещения" на территории «Гранд Каньона», 3й этаж, проспект Энгельса 154', '19:00:00', 300, 'Совместно с театром «Странствующие куклы г-на Пэжо».'),
(95, '2012-01-08', 'Рождественский концерт', '', 'СПб, Театр "Плоды Просвещения" на территории «Гранд Каньона», 3й этаж, проспект Энгельса 154 ', '20:00:00', NULL, ''),
(96, '2012-01-13', 'Рождественский концерт в клубе «Книги и кофе»', '', 'СПб,  клуб «Книги и кофе», набережная Макарова, 10/ 1', '20:00:00', 300, ''),
(97, '2011-12-13', 'Презентация Рождественского альбома и премьерный показ спектакля «Рождество» ', 'http://vkontakte.ru/event31785753', 'Спб,  ДК Выборгский (малый зал). Адрес - улица Комиссара Смирнова, 15', '19:00:00', 300, 'Презентация Рождественского альбома и премьерный показ спектакля «Рождество» совместно с театром «Странствующие куклы господина Пэжо»'),
(98, '2011-11-27', '', '', 'Москва, клуб «Шоколадная фабрика», ул. Рабочая, 38', '19:00:00', 350, ''),
(99, '2011-11-20', '4-х-летие теремка ПБС', 'http://vkontakte.ru/event31229102 ', 'СПб, ДК Петро-Славянка (м. Рыбацкое)', '14:00:00', 200, 'Танцы (мастер-класс и не только)'),
(100, '2011-11-02', ' Совместный концерт с группой Добраночь', '', 'СПб, клуб «МОД»,  наб. канала Грибоедова, 7', '20:00:00', 200, ''),
(101, '2011-09-10', ' open-air Folkday', 'www.folkday.ru', 'Москва, Зелёный Театр, Крымский вал, д.9, стр.33, м. Парк Культуры', '17:00:00', NULL, ''),
(102, '2011-08-28', '', ' http://www.kcdunaj.sk/', 'Slovakia, Bratislava «Klub "KC DUNAJ»', '19:00:00', NULL, ''),
(103, '2011-08-27', 'European festival of humor and satire «Kremnicke gagy»', 'http://www.gagy.sk/', 'Slovakia, Kremnica', NULL, NULL, ''),
(104, '2011-08-26', 'European festival of humor and satire «Kremnicke gagy»', '', 'Slovakia, Kremnica', '15:00:00', NULL, ''),
(105, '2011-08-25', '', '', 'Austria, Wien, Kulturzentrum "7Stern", Siebensterngasse 31, 1070', '20:00:00', NULL, ''),
(106, '2011-08-23', '', '', 'Austria, Mistelbach, Pub "Altes Depot", Oserstrase 9, 2130', '21:00:00', NULL, ''),
(107, '2011-08-21', '', '', 'Poland, Sanok,  «Kermesz Karpackich smakow»', NULL, NULL, ''),
(108, '2011-08-20', ' Festival «Swieto Ceramiki»', '', ' Poland, Boleslawieckie', NULL, NULL, ''),
(109, '2011-08-19', '', '', ' Germany, Berlin, Club "Hangar49", Holzmarktstr. S-Bahnbogen 49', NULL, 5, ''),
(110, '2011-08-18', '', '', 'Germany, Berlin, Club «Kaffee Burger» (mit RotFront). Torstrasse 60', NULL, 5, ''),
(111, '2011-08-14', ' XIX Miedzynarodowy Festiwal Folkloru', '', 'Poland, Strzegom', NULL, NULL, ''),
(112, '2011-08-13', 'festiwal Bukowinskie Bajania', '', 'Poland, BUKOWINA TATRZANSKA', NULL, NULL, ''),
(113, '2011-08-11', '', '', 'Slovakia, Levoca', NULL, NULL, ''),
(114, '2011-08-06', 'Wegorapa folk music festival', '', 'Poland, Wegorzewo', NULL, NULL, ''),
(115, '2011-08-05', '«Laba Daba» open-air festival', 'www.labadaba.lv', 'Latvia, Ratnieki, Liigatne', NULL, NULL, ''),
(116, '2011-08-04', '', '', 'Latvia, Riga,  «Bubamara» klubs, Audeju Iela. 8', '21:00:00', 0, ''),
(117, '2011-08-03', '', '', 'Latvia, Riga,  «Egle»,  Kalku iela 1a (Vec Riga)', '07:30:00', 0, ''),
(118, '2011-08-02', '', '', 'Latvia, Riga,  «Nekadu problemu» (Dome Square, Old Riga)', '20:00:00', 0, ''),
(119, '2011-07-28', ' Знакомство с нашей новой скрипачкой!', '', 'СПб, клуб «МОД»,  наб. канала Грибоедова, 7', '20:00:00', NULL, ''),
(120, '2011-05-22', ' фестиваль-Карнавал «ЕСТЬ КОНТАКТ»', '', 'СПб, ЦПКиО им. С.М.Кирова', '12:00:00', 0, 'Выступают: Отава ё, Добраночь и Ива Нова.'),
(121, '2011-05-21', '«Ночь музеев»', '', 'Спб,  музей им. Зощенко, набережная Канала Грибоедова, 9', '19:00:00', 0, 'Традиционное выступление в «Ночь музеев»');

--
-- Дамп данных таблицы `video`
--

INSERT INTO `video` (`id`, `player_code`, `desc`) VALUES
(1, '<object height="385" width="480"><param value="http://www.youtube.com/v/ps9RqYpdkX0?fs=1&amp;hl=en_US" name="movie"><param value="true" name="allowFullScreen"><param value="always" name="allowscriptaccess"><embed height="385" width="480" allowfullscreen="true" allowscriptaccess="always" type="application/x-shockwave-flash" src="http://www.youtube.com/v/ps9RqYpdkX0?fs=1&amp;hl=en_US" quality="low"><param name="quality" value="low"></object>', 'Эфир на канале СТО, 24го Сентября 2009 года. Авторская мелодия А. Белкина, слова народные'),
(2, '<object height="385" width="640"><param value="http://www.youtube.com/v/Ui2oKFXPHxI?fs=1&amp;hl=en_US" name="movie"><param value="true" name="allowFullScreen"><param value="always" name="allowscriptaccess"><embed height="385" width="640" allowfullscreen="true" allowscriptaccess="always" type="application/x-shockwave-flash" src="http://www.youtube.com/v/Ui2oKFXPHxI?fs=1&amp;hl=en_US" quality="low"><param name="quality" value="low"></object>', 'Мы сняли клип на песню "про диму и петю"!'),
(3, '<iframe height="390" frameborder="0" width="480" allowfullscreen="" src="http://www.youtube.com/embed/1A4zZmHCv8k" title="YouTube video player"></iframe>', '"Кадриль", видео с концерта'),
(4, '<object height="360" width="640">\r\n<param value="http://www.youtube.com/v/YbBU06irWT8?version=3&amp;hl=en_US" name="movie">\r\n<param value="true" name="allowFullScreen">\r\n\r\n<param value="always" name="allowscriptaccess">\r\n<embed height="360" width="640" allowfullscreen="true" allowscriptaccess="always" type="application/x-shockwave-flash" src="http://www.youtube.com/v/YbBU06irWT8?version=3&amp;hl=en_US" quality="low"><param name="quality" value="low"></object>', 'Новый клип "про ивана groove"'),
(5, '<object height="360" width="640"><param value="http://www.youtube.com/v/eIa7ZfJUeGU?version=3&amp;hl=en_US" name="movie">\r\n\r\n<param value="true" name="allowFullScreen">\r\n\r\n<param value="always" name="allowscriptaccess">\r\n<embed height="360" width="640" allowfullscreen="true" allowscriptaccess="always" type="application/x-shockwave-flash" src="http://www.youtube.com/v/eIa7ZfJUeGU?version=3&amp;hl=en_US" quality="low"><param name="quality" value="low"></object>', 'Третий официальный видеоклип фолк-группы Отава Ё, песня на стихи Даниила Хармса. Снято в марте 2012 года во дворе музея Анны Ахматовой, в Санкт-Петербурге');
SET FOREIGN_KEY_CHECKS=1;